web-scraper-order,web-scraper-start-url,links,links-href,Name,Experience,Location,Languages,Practice_Areas,Courts,Pages,Pages-href
1695236542-1,https://lawrato.com/lawyers/pune?&page=,Advocate Rajendra Pandurang Dorugade,https://lawrato.com/advocate-rajendra-pandurang-dorugade,Advocate Rajendra Pandurang Dorugade,2 years,"Hadapsar, Pune","English, Hindi","Civil, Criminal",,15,https://lawrato.com/lawyers/pune?&page=15
1695236545-2,https://lawrato.com/lawyers/pune?&page=,Advocate Rohan Hawale,https://lawrato.com/advocate-rohan-hawale,Advocate Rohan Hawale,2 years,"khed, Pune","English, Hindi, Marathi","Cheque Bounce, Civil, Criminal, Documentation, Family",,15,https://lawrato.com/lawyers/pune?&page=15
1695236548-3,https://lawrato.com/lawyers/pune?&page=,Advocate Ravindranath Patil,https://lawrato.com/advocate-ravindranath-patil,Advocate Ravindranath Patil,0 years,"Gultekdi, Pune","English, Hindi, Marathi","Anticipatory Bail, Criminal, Cyber Crime, High Court",,15,https://lawrato.com/lawyers/pune?&page=15
1695236551-4,https://lawrato.com/lawyers/pune?&page=,Advocate Suparna S Joshi,https://lawrato.com/advocate-suparna-s-joshi,Advocate Suparna S Joshi,3 years,"Sadashiv Peth, Pune","English, Hindi, Marathi","Civil, Criminal, Domestic Violence, Family, High Court",,15,https://lawrato.com/lawyers/pune?&page=15
1695236554-5,https://lawrato.com/lawyers/pune?&page=,Advocate Darshana Deshbhushan Dharmarao,https://lawrato.com/advocate-darshana-deshbhushan-dharmarao,Advocate Darshana Deshbhushan Dharmarao,5 years,"Bavdhan Khurd, Pune","English, Hindi, Marathi","Civil, Consumer Court, Family, Recovery, Succession Certificate",,15,https://lawrato.com/lawyers/pune?&page=15
1695236557-6,https://lawrato.com/lawyers/pune?&page=,Advocate Munir R. Mohammad,https://lawrato.com/advocate-munir-r-mohammad,Advocate Munir R. Mohammad,6 years,"Kondhwa, Pune","English, Hindi, Marathi, Urdu","Civil, Criminal, Divorce, Family, Muslim Law",,15,https://lawrato.com/lawyers/pune?&page=15
1695236560-7,https://lawrato.com/lawyers/pune?&page=,Advocate Nilesh Dilip Bora,https://lawrato.com/advocate-nilesh-dilip-bora,Advocate Nilesh Dilip Bora,3 years,"Narayan Peth, Pune","English, Hindi, Marathi","Anticipatory Bail, Cheque Bounce, Civil, Court Marriage, Criminal, Divorce, Domestic Violence, Family, Succession Certificate",,15,https://lawrato.com/lawyers/pune?&page=15
1695236563-8,https://lawrato.com/lawyers/pune?&page=,Advocate Abhimanyu Rathi,https://lawrato.com/advocate-abhimanyu-rathi,Advocate Abhimanyu Rathi,2 years,"Koregaon Park, Pune","English, Hindi, Nepali","Criminal, Cyber Crime, Documentation, Family, Recovery",,15,https://lawrato.com/lawyers/pune?&page=15
1695236566-9,https://lawrato.com/lawyers/pune?&page=,Advocate Akshay Petkar,https://lawrato.com/advocate-akshay-petkar,Advocate Akshay Petkar,2 years,"Kasba Peth, Pune","English, Hindi, Marathi","Cheque Bounce, Civil, Divorce, Domestic Violence, Family",,15,https://lawrato.com/lawyers/pune?&page=15
1695236569-10,https://lawrato.com/lawyers/pune?&page=,Advocate Rushiraj Sanjay Kulkarni,https://lawrato.com/advocate-rushiraj-sanjay-kulkarni,Advocate Rushiraj Sanjay Kulkarni,7 years,"Sadashiv Peth, Pune","English, Hindi, Marathi","Arbitration, Civil, Divorce, Succession Certificate, Wills / Trusts",,15,https://lawrato.com/lawyers/pune?&page=15
1695236572-11,https://lawrato.com/lawyers/pune?&page=,Advocate Bhakti Rajput,https://lawrato.com/advocate-bhakti-rajput,Advocate Bhakti Rajput,1 years,"Shivaji Nagar, Pune","English, Hindi, Marathi","Anticipatory Bail, Cheque Bounce, Criminal, Divorce, Trademark & Copyright, Wills / Trusts",,15,https://lawrato.com/lawyers/pune?&page=15
1695236576-12,https://lawrato.com/lawyers/pune?&page=,Advocate Seema Dubey,https://lawrato.com/advocate-seema-dubey,Advocate Seema Dubey,14 years,"Shivaji Nagar, Pune","English, Hindi","Arbitration, Civil, Corporate, Criminal, Family",,15,https://lawrato.com/lawyers/pune?&page=15
1695236579-13,https://lawrato.com/lawyers/pune?&page=,Advocate Sangram Pravin Lipane,https://lawrato.com/advocate-sangram-pravin-lipane,Advocate Sangram Pravin Lipane,1 years,"District Court, Pune","English, Hindi","Documentation, Landlord/Tenant, Property, RERA",,15,https://lawrato.com/lawyers/pune?&page=15
1695236582-14,https://lawrato.com/lawyers/pune?&page=,Advocate Chinmay Subhash Kalyani,https://lawrato.com/advocate-chinmay-subhash-kalyanai,Advocate Chinmay Subhash Kalyani,5 years,"Wakad, Pune","English, Hindi, Marathi","Civil, Consumer Court, Criminal, Property, RERA, Succession Certificate, Wills / Trusts",,15,https://lawrato.com/lawyers/pune?&page=15
1695236585-15,https://lawrato.com/lawyers/pune?&page=,Advocate Namrata Mandot,https://lawrato.com/advocate-namrata-mandot,Advocate Namrata Mandot,29 years,"Bibvewadi, Pune","English, Hindi","Criminal, Family",,15,https://lawrato.com/lawyers/pune?&page=15
1695236591-16,https://lawrato.com/lawyers/pune?&page=,Advocate Ramkrishna Nathrao Nagime,https://lawrato.com/advocate-ramkrishna-nathrao-nagime,Advocate Ramkrishna Nathrao Nagime,8 years,"Hinjawadi, Pune","English, Hindi, Marathi","Cheque Bounce, Civil, Criminal, Family, Property",,14,https://lawrato.com/lawyers/pune?&page=14
1695236594-17,https://lawrato.com/lawyers/pune?&page=,Advocate Ankush Sitaram Deshmukh,https://lawrato.com/advocate-ankush-sitaram-deshmukh,Advocate Ankush Sitaram Deshmukh,8 years,"Narayan Peth, Pune","English, Hindi, Marathi","Civil, Consumer Court, Divorce, Documentation, Property",,14,https://lawrato.com/lawyers/pune?&page=14
1695236597-18,https://lawrato.com/lawyers/pune?&page=,Advocate Subhan M Birajdar,https://lawrato.com/advocate-subhan-m-birajdar,Advocate Subhan M Birajdar,1 years,"Shivajinagar, Pune","English, Hindi, Kannada, Marathi, Urdu","Cheque Bounce, Civil, Criminal, Domestic Violence, Family",,14,https://lawrato.com/lawyers/pune?&page=14
1695236600-19,https://lawrato.com/lawyers/pune?&page=,Advocate Amit Agashe,https://lawrato.com/advocate-amit-agashe,Advocate Amit Agashe,17 years,"Sadashiv Peth, Pune","English, Hindi, Marathi","Arbitration, Banking / Finance, Breach of Contract, Civil, Corporate, Divorce, Documentation, Family, Property, Wills / Trusts",,14,https://lawrato.com/lawyers/pune?&page=14
1695236603-20,https://lawrato.com/lawyers/pune?&page=,Advocate Yuvraj Satish Shinde,https://lawrato.com/advocate-yuvraj-satish-shinde,Advocate Yuvraj Satish Shinde,1 years,"Karvenagar, Pune","English, Hindi, Marathi","Anticipatory Bail, Child Custody, Civil, Criminal, Divorce",,14,https://lawrato.com/lawyers/pune?&page=14
1695236606-21,https://lawrato.com/lawyers/pune?&page=,Advocate Sonal Omprakash Chandak,https://lawrato.com/advocate-sonal-omprakash-chandak,Advocate Sonal Omprakash Chandak,7 years,"Pimple Saudagar, Pune","English, Hindi, Marathi","Civil, Consumer Court, Corporate, Criminal, Family",,14,https://lawrato.com/lawyers/pune?&page=14
1695236609-22,https://lawrato.com/lawyers/pune?&page=,Advocate Harbinder Singh Bindra,https://lawrato.com/advocate-harbinder-singh-bindra,Advocate Harbinder Singh Bindra,1 years,"Wadgaon Sheri, Pune","English, Hindi, Punjabi","Banking / Finance, Civil, Corporate, Criminal, Property",,14,https://lawrato.com/lawyers/pune?&page=14
1695236612-23,https://lawrato.com/lawyers/pune?&page=,Advocate Pavan Sampatrao Shinde,https://lawrato.com/advocate-pavan-sampatrao-shinde,Advocate Pavan Sampatrao Shinde,8 years,"Kasbapeth, Pune","English, Hindi, Konkani, Marathi, Punjabi","Anticipatory Bail, Criminal, Divorce, Domestic Violence, Family",,14,https://lawrato.com/lawyers/pune?&page=14
1695236615-24,https://lawrato.com/lawyers/pune?&page=,Advocate Samyak Nahata,https://lawrato.com/advocate-samyak-nahata,Advocate Samyak Nahata,1 years,"Nehrunagar, Pune","English, Hindi, Marathi","Cheque Bounce, Criminal, Divorce, Family, GST",,14,https://lawrato.com/lawyers/pune?&page=14
1695236618-25,https://lawrato.com/lawyers/pune?&page=,Advocate Revati Limkar,https://lawrato.com/advocate-revati-limkar,Advocate Revati Limkar,13 years,"Shivaji Nagar, Pune","English, Hindi, Marathi","Civil, Consumer Court, Divorce, Family, Property",,14,https://lawrato.com/lawyers/pune?&page=14
1695236621-26,https://lawrato.com/lawyers/pune?&page=,Advocate Pratik Pawar,https://lawrato.com/advocate-pratik-pawar,Advocate Pratik Pawar,2 years,"Topkhana, Pune","English, Hindi, Marathi","Anticipatory Bail, Cheque Bounce, Criminal, Divorce, Domestic Violence",,14,https://lawrato.com/lawyers/pune?&page=14
1695236624-27,https://lawrato.com/lawyers/pune?&page=,Advocate Lucky Malangwani,https://lawrato.com/advocate-lucky-malangwani,Advocate Lucky Malangwani,4 years,"District Court, Pune","English, Hindi, Marathi, Sindhi","Anticipatory Bail, Cheque Bounce, Civil, Consumer Court, Criminal",,14,https://lawrato.com/lawyers/pune?&page=14
1695236627-28,https://lawrato.com/lawyers/pune?&page=,Advocate Saniya Bendbhar,https://lawrato.com/advocate-saniya-bendbhar,Advocate Saniya Bendbhar,2 years,"katraj-Kondhwa, Pune","English, Hindi, Marathi","Anticipatory Bail, Civil, Criminal, Divorce, Domestic Violence, Family, High Court, Recovery",,14,https://lawrato.com/lawyers/pune?&page=14
1695236630-29,https://lawrato.com/lawyers/pune?&page=,Advocate Rashmi D Dhongde,https://lawrato.com/advocate-rashmi-d-dhongde,Advocate Rashmi D Dhongde,19 years,"Kothrud, Pune","English, Hindi","Divorce, Property, Succession Certificate, Trademark & Copyright, Wills / Trusts",,14,https://lawrato.com/lawyers/pune?&page=14
1695236633-30,https://lawrato.com/lawyers/pune?&page=,Advocate Pawan Kalwala,https://lawrato.com/advocate-pawan-kalwala,Advocate Pawan Kalwala,14 years,"Amit Court, Pune","English, Hindi, Marathi, Telugu","Anticipatory Bail, Arbitration, Cyber Crime, Succession Certificate, Wills / Trusts",,14,https://lawrato.com/lawyers/pune?&page=14
1695236636-31,https://lawrato.com/lawyers/pune?&page=,Advocate Kiranmayi Dhaigude,https://lawrato.com/advocate-kiranmayi-dhaigude,Advocate Kiranmayi Dhaigude,4 years,"Kondhwa Khurd, Pune","English, Hindi, Marathi","Child Custody, Criminal, Cyber Crime, Divorce, Domestic Violence, High Court",,14,https://lawrato.com/lawyers/pune?&page=14
1695236639-32,https://lawrato.com/lawyers/pune?&page=,Advocate Shrinivas Hirlekar,https://lawrato.com/advocate-shrinivas-hirlekar,Advocate Shrinivas Hirlekar,8 years,"Somwar Peth, Pune","Hindi, Konkani, Marathi","Anticipatory Bail, Criminal, Divorce, Domestic Violence, Family",,14,https://lawrato.com/lawyers/pune?&page=14
1695236642-33,https://lawrato.com/lawyers/pune?&page=,Advocate Vikas Madane,https://lawrato.com/advocate-vikas-madane,Advocate Vikas Madane,2 years,"Shivaji Nagar, Pune","English, Hindi, Marathi","Civil, Divorce, Domestic Violence",,14,https://lawrato.com/lawyers/pune?&page=14
1695236645-34,https://lawrato.com/lawyers/pune?&page=,Advocate Shubam Santosh Pednekar,https://lawrato.com/advocate-shubam-santosh-pednekar,Advocate Shubam Santosh Pednekar,3 years,"Kasba Peth, Pune","English, Hindi, Kannada, Konkani, Marathi","Anticipatory Bail, Court Marriage, Criminal, Divorce, Domestic Violence, Family, High Court",,14,https://lawrato.com/lawyers/pune?&page=14
1695236648-35,https://lawrato.com/lawyers/pune?&page=,Advocate Sunil Reddy,https://lawrato.com/advocate-sunil-reddy,Advocate Sunil Reddy,6 years,"Sinhgad Road, Pune","English, Hindi, Marathi","Corporate, NCLT, RERA, Startup, Trademark & Copyright",,14,https://lawrato.com/lawyers/pune?&page=14
1695236651-36,https://lawrato.com/lawyers/pune?&page=,Advocate Manisha Chitnis,https://lawrato.com/advocate-manisha-chitnis,Advocate Manisha Chitnis,17 years,"Balewadi, Pune","English, Hindi, Marathi","Banking / Finance, Documentation, Property, RERA, Wills / Trusts",,13,https://lawrato.com/lawyers/pune?&page=13
1695236654-37,https://lawrato.com/lawyers/pune?&page=,Advocate Parmeshwar D. Pawar,https://lawrato.com/advocate-parmeshwar-d-pawar-pune,Advocate Parmeshwar D. Pawar,12 years,"Shivajinagar, Pune","English, Hindi","Cheque Bounce, Court Marriage, Criminal, Divorce, Domestic Violence, Family",,13,https://lawrato.com/lawyers/pune?&page=13
1695236657-38,https://lawrato.com/lawyers/pune?&page=,Advocate Dipti Deshpande,https://lawrato.com/advocate-dipti-deshpande-pune,Advocate Dipti Deshpande,13 years,"Swargate, Pune","English, Hindi","Civil, Court Marriage, Criminal, Divorce, Domestic Violence, Family, High Court",,13,https://lawrato.com/lawyers/pune?&page=13
1695236660-39,https://lawrato.com/lawyers/pune?&page=,Advocate Sandip Kale Deshmukh,https://lawrato.com/advocate-sandip-kale-deshmukh,Advocate Sandip Kale Deshmukh,3 years,"Hadapsar, Pune","English, Hindi, Marathi","Corporate, Court Marriage, Criminal, Domestic Violence, Family, High Court, Labour & Service",,13,https://lawrato.com/lawyers/pune?&page=13
1695236663-40,https://lawrato.com/lawyers/pune?&page=,Advocate Zeeshan Siddique,https://lawrato.com/advocate-zeeshan-siddique,Advocate Zeeshan Siddique,3 years,"Undri Chowk, Pune","English, Hindi, Marathi","Anticipatory Bail, Cheque Bounce, Child Custody, Court Marriage, Criminal, Family, High Court",,13,https://lawrato.com/lawyers/pune?&page=13
1695236666-41,https://lawrato.com/lawyers/pune?&page=,Advocate Saidya Khan,https://lawrato.com/advocate-saidya-khan,Advocate Saidya Khan,4 years,"Bhawani Peth, Pune","English, Hindi","Anticipatory Bail, Criminal, Cyber Crime, Divorce, High Court",,13,https://lawrato.com/lawyers/pune?&page=13
1695236669-42,https://lawrato.com/lawyers/pune?&page=,Advocate Nadim Pathan,https://lawrato.com/advocate-nadim-pathan,Advocate Nadim Pathan,5 years,"Baba Saheb Ambedkar Rd, Pune","English, Hindi","Anticipatory Bail, Civil, Criminal, High Court",,13,https://lawrato.com/lawyers/pune?&page=13
1695236672-43,https://lawrato.com/lawyers/pune?&page=,Advocate Prasad Prakashrao Patil,https://lawrato.com/advocate-prasad-prakashrao-patil,Advocate Prasad Prakashrao Patil,15 years,"Kokane Chowk, Pune","English, Hindi, Marathi","Anticipatory Bail, Cheque Bounce, Civil, Court Marriage, Domestic Violence, Family",,13,https://lawrato.com/lawyers/pune?&page=13
1695236675-44,https://lawrato.com/lawyers/pune?&page=,Advocate Archana Patil,https://lawrato.com/advocate-archana-patil,Advocate Archana Patil,13 years,"Shivaji Nagar, Pune","English, Hindi, Maithili","Civil, Court Marriage, Divorce, Family",,13,https://lawrato.com/lawyers/pune?&page=13
1695236678-45,https://lawrato.com/lawyers/pune?&page=,Advocate Kishor Madhukar Dete,https://lawrato.com/advocate-kishor-madhukar-dete,Advocate Kishor Madhukar Dete,16 years,"Hadapsar, Pune","English, Hindi, Marathi","Anticipatory Bail, Civil, Court Marriage, Domestic Violence, Family, Motor Accident",,13,https://lawrato.com/lawyers/pune?&page=13
1695236681-46,https://lawrato.com/lawyers/pune?&page=,Advocate Prashant Bhise,https://lawrato.com/advocate-prashant-bhise,Advocate Prashant Bhise,8 years,"Pune, Pune","English, Marathi","Anticipatory Bail, Civil, Criminal, Divorce, Landlord/Tenant",,13,https://lawrato.com/lawyers/pune?&page=13
1695236684-47,https://lawrato.com/lawyers/pune?&page=,Advocate Veerendra Shreeram Patil,https://lawrato.com/advocate-veerendra-shreeram-patil,Advocate Veerendra Shreeram Patil,25 years,"Vakilnagar, Pune","English, Hindi, Marathi","Arbitration, Cheque Bounce, Court Marriage, Divorce, Family, High Court, Motor Accident",,13,https://lawrato.com/lawyers/pune?&page=13
1695236687-48,https://lawrato.com/lawyers/pune?&page=,Advocate Harshad Garud,https://lawrato.com/advocate-harshad-garud,Advocate Harshad Garud,10 years,"Narayan Peth, Pune","English, Hindi, Marathi","Anticipatory Bail, Breach of Contract, Consumer Court, Court Marriage, Criminal, Cyber Crime, Divorce, Domestic Violence, Family, High Court, RERA, Succession Certificate",,13,https://lawrato.com/lawyers/pune?&page=13
1695236690-49,https://lawrato.com/lawyers/pune?&page=,Advocate Sarika Khude,https://lawrato.com/advocate-sarika-khude,Advocate Sarika Khude,9 years,"Rajgurunagar, Pune","English, Hindi, Marathi","Anticipatory Bail, Child Custody, Civil, Court Marriage, Criminal, Divorce, Domestic Violence, Family, NCLT, Property, RERA, Succession Certificate",,13,https://lawrato.com/lawyers/pune?&page=13
1695236693-50,https://lawrato.com/lawyers/pune?&page=,Advocate Sangram M. Jadhav,https://lawrato.com/advocate-sangram-m-jadhav,Advocate Sangram M. Jadhav,6 years,"Mangalwar Peth, Pune","English, Hindi","Cheque Bounce, Civil, Court Marriage, Documentation, Family, High Court, Recovery",,13,https://lawrato.com/lawyers/pune?&page=13
1695236696-51,https://lawrato.com/lawyers/pune?&page=,Advocate Krishnan Balakrishnan Nair,https://lawrato.com/advocate-krishnan-balakrishnan-nair,Advocate Krishnan Balakrishnan Nair,10 years,"Shivane, Pune","English, Hindi, Marathi","Anticipatory Bail, Arbitration, Civil, Consumer Court, Criminal, High Court, Patent, Recovery, Trademark & Copyright",,13,https://lawrato.com/lawyers/pune?&page=13
1695236699-52,https://lawrato.com/lawyers/pune?&page=,Advocate Siddharth Sanjay Agarwal,https://lawrato.com/advocate-siddharth-sanjay-agarwal,Advocate Siddharth Sanjay Agarwal,4 years,"Market Yard, Pune","English, Hindi","Civil, Consumer Court, Court Marriage, Criminal, Family, High Court, RERA",,13,https://lawrato.com/lawyers/pune?&page=13
1695236702-53,https://lawrato.com/lawyers/pune?&page=,Advocate Neeraj Shivprakash Rathi,https://lawrato.com/advocate-neeraj-shivprakash-rathi,Advocate Neeraj Shivprakash Rathi,4 years,"Shivajinagar, Pune","English, Hindi, Marathi","Arbitration, Civil, Corporate, Cyber Crime, High Court, Recovery",,13,https://lawrato.com/lawyers/pune?&page=13
1695236705-54,https://lawrato.com/lawyers/pune?&page=,Advocate Abigail Simoes,https://lawrato.com/advocate-abigail-simoes,Advocate Abigail Simoes,7 years,"Dastur Meher Road, Camp, Pune","English, Hindi, Konkani, Marathi","Cheque Bounce, Civil, Divorce, Landlord/Tenant, RERA",,13,https://lawrato.com/lawyers/pune?&page=13
1695236708-55,https://lawrato.com/lawyers/pune?&page=,Advocate Sonali Sawant,https://lawrato.com/advocate-sonali-sawant,Advocate Sonali Sawant,8 years,"Ambegaon, Pune","English, Hindi, Marathi","Corporate, High Court, Media and Entertainment, Patent, Startup, Trademark & Copyright",,13,https://lawrato.com/lawyers/pune?&page=13
1695236714-56,https://lawrato.com/lawyers/pune?&page=,Advocate Afsana Tamboli,https://lawrato.com/advocate-afsana-tamboli,Advocate Afsana Tamboli,6 years,"Sinhgad Road, Pune","English, Hindi, Marathi","Arbitration, Court Marriage, Divorce, Documentation, Domestic Violence, Family",,12,https://lawrato.com/lawyers/pune?&page=12
1695236717-57,https://lawrato.com/lawyers/pune?&page=,Advocate Shrikrushna Rathod,https://lawrato.com/advocate-shrikrushna-rathod,Advocate Shrikrushna Rathod,7 years,"Bhekarai Nagar, Pune","English, Hindi, Marathi","Cheque Bounce, Civil, Consumer Court, Court Marriage, Divorce, Family, High Court",,12,https://lawrato.com/lawyers/pune?&page=12
1695236720-58,https://lawrato.com/lawyers/pune?&page=,Advocate Swapnil Bedase,https://lawrato.com/advocate-swapnil-bedase,Advocate Swapnil Bedase,11 years,"Shivajinagar, Pune","English, Hindi, Marathi","Anticipatory Bail, Arbitration, Civil, Consumer Court, Criminal",,12,https://lawrato.com/lawyers/pune?&page=12
1695236723-59,https://lawrato.com/lawyers/pune?&page=,Advocate Bhagyashree,https://lawrato.com/advocate-bhagyashree,Advocate Bhagyashree,7 years,"Parihar Chowk, Pune","English, Hindi, Marathi","Anticipatory Bail, Cheque Bounce, Court Marriage, Criminal, Domestic Violence, Family, High Court",,12,https://lawrato.com/lawyers/pune?&page=12
1695236726-60,https://lawrato.com/lawyers/pune?&page=,Advocate Rahul Pardeshi,https://lawrato.com/advocate-rahul-pardeshi,Advocate Rahul Pardeshi,7 years,"Kalas, Pune","English, Hindi, Marathi","Anticipatory Bail, Civil, Criminal, Divorce, High Court, Wills / Trusts",,12,https://lawrato.com/lawyers/pune?&page=12
1695236729-61,https://lawrato.com/lawyers/pune?&page=,Advocate Yogesh B Jadhav,https://lawrato.com/advocate-yogesh-b-jadhav,Advocate Yogesh B Jadhav,10 years,"Shaniwar Peth, Pune","English, Hindi, Marathi","Anticipatory Bail, Cheque Bounce, Consumer Court, Court Marriage, Criminal, Family",,12,https://lawrato.com/lawyers/pune?&page=12
1695236732-62,https://lawrato.com/lawyers/pune?&page=,Advocate Vaishali Desai,https://lawrato.com/advocate-vaishali-desai,Advocate Vaishali Desai,6 years,"Kondhwa Road, Pune","Hindi, Marathi","Court Marriage, Divorce, Domestic Violence, Family, Motor Accident, Recovery",,12,https://lawrato.com/lawyers/pune?&page=12
1695236735-63,https://lawrato.com/lawyers/pune?&page=,Advocate Dhimatee Datta Roy,https://lawrato.com/advocate-dhimatee-datta-roy,Advocate Dhimatee Datta Roy,6 years,"Kokane Chowk, Pune",English,"Child Custody, Consumer Court, Court Marriage, Divorce, Domestic Violence, Family",,12,https://lawrato.com/lawyers/pune?&page=12
1695236738-64,https://lawrato.com/lawyers/pune?&page=,Advocate Hemangi Patil,https://lawrato.com/advocate-hemangi-patil,Advocate Hemangi Patil,7 years,"Parande Nagar, Pune","English, Hindi","Civil, Consumer Court, Court Marriage, Family, Property",,12,https://lawrato.com/lawyers/pune?&page=12
1695236741-65,https://lawrato.com/lawyers/pune?&page=,Advocate Kirti Agrawal,https://lawrato.com/advocate-kirti-agrawal,Advocate Kirti Agrawal,6 years,"Chinchwad, Pune","English, Gujarati, Hindi, Marathi","Civil, Consumer Court, Court Marriage, Criminal, Family, High Court, NCLT",,12,https://lawrato.com/lawyers/pune?&page=12
1695236744-66,https://lawrato.com/lawyers/pune?&page=,Advocate Rakhi Khandelwal,https://lawrato.com/advocate-rakhi-khandelwal,Advocate Rakhi Khandelwal,9 years,"Sadashiv Peth, Pune","English, Hindi, Marathi","Cheque Bounce, Divorce, Documentation, Succession Certificate, Wills / Trusts",,12,https://lawrato.com/lawyers/pune?&page=12
1695236747-67,https://lawrato.com/lawyers/pune?&page=,Advocate Anuradha Rajhans,https://lawrato.com/advocate-anuradha-rajhans,Advocate Anuradha Rajhans,11 years,"Lohegaon, Pune","English, Hindi, Marathi","Child Custody, Court Marriage, Divorce, Documentation, Family",,12,https://lawrato.com/lawyers/pune?&page=12
1695236750-68,https://lawrato.com/lawyers/pune?&page=,Advocate Gautam Gopal Gaikwad,https://lawrato.com/advocate-gautam-gopal-gaikwad,Advocate Gautam Gopal Gaikwad,9 years,"Shivaji Nagar, Pune","English, Hindi, Marathi","Anticipatory Bail, Cheque Bounce, Court Marriage, Criminal, Divorce, Documentation, Domestic Violence, Family",,12,https://lawrato.com/lawyers/pune?&page=12
1695236753-69,https://lawrato.com/lawyers/pune?&page=,Advocate Vaswani S L,https://lawrato.com/advocate-vaswani-s-l,Advocate Vaswani S L,5 years,"Madhukosh, Pune","English, Hindi, Marathi, Sindhi","Anticipatory Bail, Cheque Bounce, Civil, Criminal, Divorce, Domestic Violence, High Court, NCLT, Property, Recovery, RERA, Succession Certificate",,12,https://lawrato.com/lawyers/pune?&page=12
1695236756-70,https://lawrato.com/lawyers/pune?&page=,Advocate Swapnil Zade,https://lawrato.com/advocate-swapnil-zade,Advocate Swapnil Zade,6 years,"Anand Nagar, Pune","English, Hindi, Marathi","Bankruptcy / Insolvency, Breach of Contract, Civil, Consumer Court, Corporate, Court Marriage, Domestic Violence, Family, Media and Entertainment, Motor Accident",,12,https://lawrato.com/lawyers/pune?&page=12
1695236759-71,https://lawrato.com/lawyers/pune?&page=,Advocate Mayuri Kadam,https://lawrato.com/advocate-mayuri-kadam,Advocate Mayuri Kadam,8 years,"Bibvewadi, Pune","English, Hindi, Marathi","Cheque Bounce, Civil, Divorce, Domestic Violence, Motor Accident, Wills / Trusts",,12,https://lawrato.com/lawyers/pune?&page=12
1695236762-72,https://lawrato.com/lawyers/pune?&page=,Advocate Sagar Shinde,https://lawrato.com/advocate-sagar-shinde,Advocate Sagar Shinde,5 years,"Swargate, Pune",Marathi,"Court Marriage, Domestic Violence, Family",,12,https://lawrato.com/lawyers/pune?&page=12
1695236765-73,https://lawrato.com/lawyers/pune?&page=,Advocate Bhagwan Kaduba Gaikwad,https://lawrato.com/advocate-bhagwan-kaduba-gaikwad,Advocate Bhagwan Kaduba Gaikwad,10 years,"Lohgaon, Pune","English, Hindi, Manipuri","Anticipatory Bail, Cheque Bounce, Court Marriage, Criminal, Divorce, Domestic Violence, Family, High Court, Motor Accident",,12,https://lawrato.com/lawyers/pune?&page=12
1695236768-74,https://lawrato.com/lawyers/pune?&page=,Advocate Shaikh Ershad Abdul Rahim,https://lawrato.com/advocate-shaikh-ershad-abdul-rahim,Advocate Shaikh Ershad Abdul Rahim,9 years,"Pimpri, Pune","English, Hindi, Marathi","Child Custody, Civil, Divorce, Documentation, Domestic Violence, Muslim Law",,12,https://lawrato.com/lawyers/pune?&page=12
1695236771-75,https://lawrato.com/lawyers/pune?&page=,Advocate Mahesh S. Waghmode,https://lawrato.com/advocate-mahesh-s-waghmode,Advocate Mahesh S. Waghmode,9 years,"Shivaji Nagar, Pune","English, Hindi, Marathi","Anticipatory Bail, Cheque Bounce, Civil, Court Marriage, Criminal, Divorce, Domestic Violence, Family",,12,https://lawrato.com/lawyers/pune?&page=12
1695236777-76,https://lawrato.com/lawyers/pune?&page=,Advocate Rutuja Pol,https://lawrato.com/advocate-rutuja-pol,Advocate Rutuja Pol,9 years,"National War Memorial Camp, Pune","English, Hindi, Malayalam, Marathi","Anticipatory Bail, Criminal, Divorce, Domestic Violence, High Court, International Law, Supreme Court, Wills / Trusts",,11,https://lawrato.com/lawyers/pune?&page=11
1695236780-77,https://lawrato.com/lawyers/pune?&page=,Advocate Akshay Shinde,https://lawrato.com/advocate-akshay-shinde-pune,Advocate Akshay Shinde,7 years,"Vidya Nagar, Pune","English, Hindi, Marathi","Anticipatory Bail, Arbitration, Cheque Bounce, Child Custody, Civil, Criminal, Domestic Violence, High Court, Recovery, Succession Certificate",,11,https://lawrato.com/lawyers/pune?&page=11
1695236783-78,https://lawrato.com/lawyers/pune?&page=,Advocate Rohan B Randive,https://lawrato.com/advocate-rohan-b-randive,Advocate Rohan B Randive,10 years,"Limaye Path, Pune","English, Hindi, Marathi","Anticipatory Bail, Cheque Bounce, Civil, Court Marriage, Criminal, Divorce, Domestic Violence, Family, Landlord/Tenant",,11,https://lawrato.com/lawyers/pune?&page=11
1695236786-79,https://lawrato.com/lawyers/pune?&page=,Advocate Dinesh N. Shah,https://lawrato.com/advocate-dinesh-n-shah,Advocate Dinesh N. Shah,5 years,"Sadashiv Peth, Pune","English, Gujarati, Hindi, Marathi","Banking / Finance, Documentation, Property, RERA",,11,https://lawrato.com/lawyers/pune?&page=11
1695236789-80,https://lawrato.com/lawyers/pune?&page=,Advocate Zeenal Thakkar,https://lawrato.com/advocate-zeenal-thakkar,Advocate Zeenal Thakkar,5 years,"Sadashiv Peth, Pune","English, Gujarati, Hindi, Marathi","Banking / Finance, Bankruptcy / Insolvency, Cheque Bounce, Court Marriage, Family, Property",,11,https://lawrato.com/lawyers/pune?&page=11
1695236792-81,https://lawrato.com/lawyers/pune?&page=,Advocate Pavankumar Bhansali,https://lawrato.com/advocate-pavankumar-bhansali,Advocate Pavankumar Bhansali,8 years,"Appa Balwant Chowk, Pune","English, Hindi, Marathi","Cheque Bounce, Civil, Consumer Court, Court Marriage, Family, Succession Certificate",,11,https://lawrato.com/lawyers/pune?&page=11
1695236795-82,https://lawrato.com/lawyers/pune?&page=,Advocate Rucha Pranav Abhyankar,https://lawrato.com/advocate-rucha-pranav-abhyankar,Advocate Rucha Pranav Abhyankar,8 years,"Shivajinagar Court, Pune","English, Hindi, Marathi","Civil, Consumer Court, Court Marriage, Divorce, Domestic Violence, Family",,11,https://lawrato.com/lawyers/pune?&page=11
1695236798-83,https://lawrato.com/lawyers/pune?&page=,Advocate Pranav Abhyankar,https://lawrato.com/advocate-pranav-abhyankar,Advocate Pranav Abhyankar,9 years,"Bavdhan, Pune","English, Hindi, Marathi","Anticipatory Bail, Cheque Bounce, Civil, Consumer Court, Court Marriage, Criminal, Domestic Violence, Family",,11,https://lawrato.com/lawyers/pune?&page=11
1695236801-84,https://lawrato.com/lawyers/pune?&page=,Advocate Devendra Shrikant Athavale,https://lawrato.com/advocate-devendra-shrikant-athavale,Advocate Devendra Shrikant Athavale,10 years,"Sadashiv Peth, Pune","English, Hindi, Marathi","Bankruptcy / Insolvency, Breach of Contract, Corporate, Customs & Central Excise, Documentation, GST, High Court, International Law, Media and Entertainment, Patent, Trademark & Copyright",,11,https://lawrato.com/lawyers/pune?&page=11
1695236804-85,https://lawrato.com/lawyers/pune?&page=,Advocate Siddhesh Pawar,https://lawrato.com/advocate-siddhesh-pawar,Advocate Siddhesh Pawar,10 years,"Navipeth, Pune","English, Hindi, Marathi","Anticipatory Bail, Cheque Bounce, Court Marriage, Criminal, Divorce, Documentation, Domestic Violence, Family",,11,https://lawrato.com/lawyers/pune?&page=11
1695236807-86,https://lawrato.com/lawyers/pune?&page=,Advocate Anchita Nirgudkar,https://lawrato.com/advocate-anchita-nirgudkar,Advocate Anchita Nirgudkar,10 years,"Model Colony, Pune","English, Gujarati, Hindi, Marathi","Anticipatory Bail, Arbitration, Bankruptcy / Insolvency, Breach of Contract, Civil, Corporate, Criminal, Divorce, Domestic Violence, High Court, Media and Entertainment, Wills / Trusts",,11,https://lawrato.com/lawyers/pune?&page=11
1695236810-87,https://lawrato.com/lawyers/pune?&page=,Advocate Pratibha Chaitanya Ingale,https://lawrato.com/advocate-pratibha-chaitanya-ingale,Advocate Pratibha Chaitanya Ingale,10 years,"Pimple Saudagar Rahatani, Pune","English, Hindi, Marathi","Cheque Bounce, Civil, Consumer Court, Court Marriage, Domestic Violence, Family, High Court, NCLT, Patent, Property, RERA, Succession Certificate, Trademark & Copyright",,11,https://lawrato.com/lawyers/pune?&page=11
1695236813-88,https://lawrato.com/lawyers/pune?&page=,Advocate Raj Gupta,https://lawrato.com/advocate-raj-gupta,Advocate Raj Gupta,9 years,"Muktai Naga, Pune","English, Hindi, Marathi","Arbitration, Bankruptcy / Insolvency, Breach of Contract, Corporate, Documentation, Media and Entertainment, NCLT, Property, RERA, Succession Certificate",,11,https://lawrato.com/lawyers/pune?&page=11
1695236816-89,https://lawrato.com/lawyers/pune?&page=,Advocate Shreyas Shripad Mulay,https://lawrato.com/advocate-shreyas-shripad-mulay,Advocate Shreyas Shripad Mulay,8 years,"Mulay Wada, Pune","English, Hindi, Marathi","Anticipatory Bail, Cheque Bounce, Civil, Criminal, Divorce, Domestic Violence, Landlord/Tenant, NCLT, Property, RERA, Succession Certificate",,11,https://lawrato.com/lawyers/pune?&page=11
1695236819-90,https://lawrato.com/lawyers/pune?&page=,Advocate Pramod Dhule,https://lawrato.com/advocate-pramod-dhule,Advocate Pramod Dhule,11 years,"Shivajinagar Court Campus, Pune","English, Hindi, Kannada, Marathi","Anticipatory Bail, Cheque Bounce, Criminal, High Court, Motor Accident",,11,https://lawrato.com/lawyers/pune?&page=11
1695236822-91,https://lawrato.com/lawyers/pune?&page=,Advocate Ketan S Jadhav,https://lawrato.com/advocate-ketan-s-jadhav,Advocate Ketan S Jadhav,10 years,"Bibvewadi, Pune","English, Hindi, Marathi","Cheque Bounce, Civil, Divorce, Domestic Violence, Motor Accident, NCLT, Property, RERA, Succession Certificate",,11,https://lawrato.com/lawyers/pune?&page=11
1695236825-92,https://lawrato.com/lawyers/pune?&page=,Advocate Suvarna Shinde,https://lawrato.com/advocate-suvarna-shinde,Advocate Suvarna Shinde,11 years,"Naik Building, Pune","English, Hindi, Marathi","Anticipatory Bail, Cheque Bounce, Civil, Consumer Court, Court Marriage, Criminal, Divorce, Domestic Violence, Family, NCLT, Property, RERA, Succession Certificate",,11,https://lawrato.com/lawyers/pune?&page=11
1695236828-93,https://lawrato.com/lawyers/pune?&page=,Advocate Ganesh Kadam,https://lawrato.com/advocate-ganesh-kadam,Advocate Ganesh Kadam,6 years,"553, New Ghorpade Peth, Pune","English, Hindi, Marathi","Court Marriage, Divorce, Domestic Violence, Family, GST, International Law, Labour & Service, Supreme Court",,11,https://lawrato.com/lawyers/pune?&page=11
1695236831-94,https://lawrato.com/lawyers/pune?&page=,Advocate Pramila V. Gulave,https://lawrato.com/advocate-pramila-v.-gulave,Advocate Pramila V. Gulave,11 years,"Shivaji Nagar, Pune","English, Hindi, Marathi","Anticipatory Bail, Cheque Bounce, Consumer Court, Criminal, Divorce, Domestic Violence, High Court, Motor Accident",,11,https://lawrato.com/lawyers/pune?&page=11
1695236834-95,https://lawrato.com/lawyers/pune?&page=,Advocate Rahul Ravindra Abhyankar,https://lawrato.com/advocate-rahul-ravindra-abhyankar,Advocate Rahul Ravindra Abhyankar,7 years,"Dhankawadi Main Road, Pune","English, Hindi, Marathi","Anticipatory Bail, Banking / Finance, Cheque Bounce, Child Custody, Civil, Consumer Court, Court Marriage, Criminal, Divorce, Documentation, Domestic Violence, Family, High Court, Motor Accident, NCLT, Property, RERA, Succession Certificate, Wills / Trusts",,11,https://lawrato.com/lawyers/pune?&page=11
1695236840-96,https://lawrato.com/lawyers/pune?&page=,Advocate Arvind Thongepatil,https://lawrato.com/advocate-arvind-thongepatil,Advocate Arvind Thongepatil,8 years,"Shivajinagar, Pune","English, Hindi, Marathi","Anticipatory Bail, Cheque Bounce, Court Marriage, Criminal, Divorce, Domestic Violence, Family, Labour & Service",,10,https://lawrato.com/lawyers/pune?&page=10
1695236843-97,https://lawrato.com/lawyers/pune?&page=,Advocate Arvind V. Nakhate,https://lawrato.com/advocate-arvind-v-nakhate,Advocate Arvind V. Nakhate,8 years,"Shivajinagar, Pune","English, Hindi, Marathi","Anticipatory Bail, Bankruptcy / Insolvency, Breach of Contract, Civil, Corporate, Court Marriage, Criminal, Domestic Violence, Family, Media and Entertainment, NCLT, Property, RERA, Succession Certificate",,10,https://lawrato.com/lawyers/pune?&page=10
1695236846-98,https://lawrato.com/lawyers/pune?&page=,Advocate Nilesh Dnyaneshwar Ghodekar,https://lawrato.com/advocate-nilesh-dnyaneshwar-ghodekar,Advocate Nilesh Dnyaneshwar Ghodekar,8 years,"Hutatma Chowk, Bhosari, Pune","English, Hindi, Marathi","Anticipatory Bail, Cheque Bounce, Civil, Court Marriage, Criminal, Divorce, Domestic Violence, Family, Motor Accident, NCLT, Property, RERA, Succession Certificate",,10,https://lawrato.com/lawyers/pune?&page=10
1695236849-99,https://lawrato.com/lawyers/pune?&page=,Advocate Pandurang Gardare,https://lawrato.com/advocate-pandurang-gardare,Advocate Pandurang Gardare,10 years,"S. V. Chowk, Pune","English, Hindi, Marathi","Cheque Bounce, Civil, Court Marriage, Divorce, Documentation, Domestic Violence, Family",,10,https://lawrato.com/lawyers/pune?&page=10
1695236852-100,https://lawrato.com/lawyers/pune?&page=,Advocate Karamatulla Khan Kadri,https://lawrato.com/advocate-karamatulla-khan-kadri,Advocate Karamatulla Khan Kadri,7 years,"Walahekarwadi, Chinchwad, Pune","English, Hindi, Marathi","Cheque Bounce, Civil, Court Marriage, Domestic Violence, Family, Landlord/Tenant, Muslim Law, Wills / Trusts",,10,https://lawrato.com/lawyers/pune?&page=10
1695236855-101,https://lawrato.com/lawyers/pune?&page=,Advocate Prasad Sudhakar Bhosale,https://lawrato.com/advocate-prasad-sudhakar-bhosale,Advocate Prasad Sudhakar Bhosale,6 years,"Laxmi Colony, Pune","English, Hindi, Marathi","Cheque Bounce, Consumer Court, Court Marriage, Cyber Crime, Divorce, Domestic Violence, Family, Startup",,10,https://lawrato.com/lawyers/pune?&page=10
1695236858-102,https://lawrato.com/lawyers/pune?&page=,Advocate Prasad Viraj Nikam,https://lawrato.com/advocate-prasad-viraj-nikam,Advocate Prasad Viraj Nikam,8 years,"Baner Pashan Link Road, Pune","English, Hindi, Marathi","Anticipatory Bail, Arbitration, Bankruptcy / Insolvency, Breach of Contract, Cheque Bounce, Child Custody, Civil, Corporate, Court Marriage, Criminal, Divorce, Domestic Violence, Family, High Court, Media and Entertainment",,10,https://lawrato.com/lawyers/pune?&page=10
1695236861-103,https://lawrato.com/lawyers/pune?&page=,Advocate Pradnya Kale,https://lawrato.com/advocate-pradnya-kale,Advocate Pradnya Kale,10 years,"Prayeja City, Pune","English, Hindi, Marathi","Arbitration, Civil, Consumer Court, Court Marriage, Domestic Violence, Family, High Court, NCLT, Property, RERA, Succession Certificate",,10,https://lawrato.com/lawyers/pune?&page=10
1695236864-104,https://lawrato.com/lawyers/pune?&page=,Advocate Sumit Vijay Pawar,https://lawrato.com/advocate-sumit-vijay-pawar,Advocate Sumit Vijay Pawar,6 years,"Shivajinagar, Pune","English, Hindi, Marathi","Anticipatory Bail, Cheque Bounce, Civil, Court Marriage, Criminal, Divorce, Domestic Violence, Family, NCLT, Property, RERA, Succession Certificate",,10,https://lawrato.com/lawyers/pune?&page=10
1695236867-105,https://lawrato.com/lawyers/pune?&page=,Advocate Abhijit Borole,https://lawrato.com/advocate-abhijit-borole,Advocate Abhijit Borole,6 years,"Budhawar Peth, Pune","English, Hindi, Marathi","Anticipatory Bail, Bankruptcy / Insolvency, Breach of Contract, Cheque Bounce, Civil, Corporate, Court Marriage, Criminal, Domestic Violence, Family, Media and Entertainment",,10,https://lawrato.com/lawyers/pune?&page=10
1695236870-106,https://lawrato.com/lawyers/pune?&page=,Advocate Kavita Amol Awasare,https://lawrato.com/advocate-kavita-amol-awasare,Advocate Kavita Amol Awasare,6 years,"Shivaji Nagar, Pune, Pune","English, Hindi, Marathi","Anticipatory Bail, Cheque Bounce, Civil, Court Marriage, Criminal, Divorce, Domestic Violence, Family",,10,https://lawrato.com/lawyers/pune?&page=10
1695236873-107,https://lawrato.com/lawyers/pune?&page=,Advocate Ashish Kachave,https://lawrato.com/advocate-ashish-kachave,Advocate Ashish Kachave,10 years,"Wanwadi, Pune","English, Hindi, Marathi","Anticipatory Bail, Civil, Consumer Court, Criminal, Documentation, High Court, Patent, Trademark & Copyright",,10,https://lawrato.com/lawyers/pune?&page=10
1695236876-108,https://lawrato.com/lawyers/pune?&page=,Advocate Aniket Sunil Jambhulkar,https://lawrato.com/advocate-aniket-sunil-jambhulkar,Advocate Aniket Sunil Jambhulkar,7 years,"Lonavala, Pune","English, Hindi, Marathi","Anticipatory Bail, Cheque Bounce, Civil, Court Marriage, Criminal, Domestic Violence, Family, High Court",,10,https://lawrato.com/lawyers/pune?&page=10
1695236879-109,https://lawrato.com/lawyers/pune?&page=,Advocate Yogesh Gopalrao Birajdar,https://lawrato.com/advocate-yogesh-gopalrao-birajdar,Advocate Yogesh Gopalrao Birajdar,10 years,"Wakad, Pune","English, Hindi, Marathi","Anticipatory Bail, Cheque Bounce, Consumer Court, Criminal, High Court, Landlord/Tenant, Motor Accident",,10,https://lawrato.com/lawyers/pune?&page=10
1695236882-110,https://lawrato.com/lawyers/pune?&page=,Advocate Siddharth Desai,https://lawrato.com/advocate-siddharth-desai,Advocate Siddharth Desai,11 years,"Shivaji Nagar, Pune","English, Hindi","Anticipatory Bail, Child Custody, Civil, Court Marriage, Criminal, Divorce, Domestic Violence, Family, High Court, NCLT, Property, RERA, Succession Certificate",,10,https://lawrato.com/lawyers/pune?&page=10
1695236885-111,https://lawrato.com/lawyers/pune?&page=,Advocate Pradnya Rajput,https://lawrato.com/advocate-pradnya-rajput,Advocate Pradnya Rajput,10 years,"Bhavdhan, Pune","English, Hindi, Marathi","Anticipatory Bail, Child Custody, Civil, Court Marriage, Criminal, Divorce, Domestic Violence, Family, High Court, NCLT, Property, RERA, Succession Certificate",,10,https://lawrato.com/lawyers/pune?&page=10
1695236888-112,https://lawrato.com/lawyers/pune?&page=,Advocate Viraj Bipin Patole,https://lawrato.com/advocate-viraj-bipin-patole,Advocate Viraj Bipin Patole,8 years,"Shivaji Nagar, Pune","English, Hindi","Anticipatory Bail, Cheque Bounce, Child Custody, Civil, Court Marriage, Criminal, Divorce, Domestic Violence, Family, High Court, NCLT, Property, RERA, Succession Certificate",,10,https://lawrato.com/lawyers/pune?&page=10
1695236891-113,https://lawrato.com/lawyers/pune?&page=,Advocate Abdulkader S. Patanwala,https://lawrato.com/advocate-abdulkader-s-patanwala,Advocate Abdulkader S. Patanwala,6 years,"Jedhe Park, Pune","English, Gujarati, Hindi, Marathi","Cheque Bounce, Civil, Court Marriage, Divorce, Domestic Violence, Family, GST, Muslim Law, Tax, Wills / Trusts",,10,https://lawrato.com/lawyers/pune?&page=10
1695236894-114,https://lawrato.com/lawyers/pune?&page=,Advocate Sajida Shaikh,https://lawrato.com/advocate-sajida-shaikh,Advocate Sajida Shaikh,8 years,"Shivajinagar, Pune","English, Hindi","Anticipatory Bail, Civil, Court Marriage, Criminal, Divorce, Domestic Violence, Family, Recovery",,10,https://lawrato.com/lawyers/pune?&page=10
1695236897-115,https://lawrato.com/lawyers/pune?&page=,Advocate Ganesh V Deshmukh,https://lawrato.com/advocate-ganesh-v-deshmukh,Advocate Ganesh V Deshmukh,10 years,"Deccan Gymkhana, Pune","English, Hindi, Marathi","Anticipatory Bail, Civil, Consumer Court, Court Marriage, Criminal, Divorce, Domestic Violence, Family, GST, Tax",,10,https://lawrato.com/lawyers/pune?&page=10
1695236900-116,https://lawrato.com/lawyers/pune?&page=,Advocate Mangesh Mohan Divekar,https://lawrato.com/advocate-mangesh-mohan-divekar,Advocate Mangesh Mohan Divekar,11 years,"Shivaji Nagar, Pune","English, Hindi, Marathi","Anticipatory Bail, Civil, Consumer Court, Court Marriage, Criminal, Divorce, Documentation, Domestic Violence, Family, GST, Tax",,9,https://lawrato.com/lawyers/pune?&page=9
1695236903-117,https://lawrato.com/lawyers/pune?&page=,Advocate Subodh Gawai,https://lawrato.com/advocate-subodh-gawai,Advocate Subodh Gawai,11 years,"Karve Nagar, Pune","English, Hindi, Marathi","Cheque Bounce, Civil, Court Marriage, Domestic Violence, Family, High Court, Landlord/Tenant, NCLT, Property, Recovery, RERA, Succession Certificate",,9,https://lawrato.com/lawyers/pune?&page=9
1695236906-118,https://lawrato.com/lawyers/pune?&page=,Advocate Shrihari Rankhamb,https://lawrato.com/advocate-shrihari-rankhamb,Advocate Shrihari Rankhamb,8 years,"Hinjawadi, Pune","English, Hindi, Kannada, Marathi","Bankruptcy / Insolvency, Breach of Contract, Child Custody, Civil, Corporate, Court Marriage, Divorce, Documentation, Domestic Violence, Family, Media and Entertainment, NCLT, Property, RERA, Succession Certificate",,9,https://lawrato.com/lawyers/pune?&page=9
1695236909-119,https://lawrato.com/lawyers/pune?&page=,Advocate Swapnali Karpe,https://lawrato.com/advocate-swapnali-karpe,Advocate Swapnali Karpe,8 years,"Shivajinagar, Pune","English, Hindi, Marathi","Anticipatory Bail, Cheque Bounce, Civil, Court Marriage, Criminal, Divorce, Domestic Violence, Family",,9,https://lawrato.com/lawyers/pune?&page=9
1695236912-120,https://lawrato.com/lawyers/pune?&page=,Advocate Tausif Momin,https://lawrato.com/advocate-tausif-momin,Advocate Tausif Momin,10 years,"Manchar, Pune","English, Hindi","Anticipatory Bail, Civil, Criminal, High Court, Motor Accident, Muslim Law, NCLT, Property, Recovery, RERA, Succession Certificate",,9,https://lawrato.com/lawyers/pune?&page=9
1695236915-121,https://lawrato.com/lawyers/pune?&page=,Advocate Kapil Rathor,https://lawrato.com/advocate-kapil-rathor,Advocate Kapil Rathor,9 years,"Nigdi, Pune","English, Hindi, Marathi","Anticipatory Bail, Civil, Consumer Court, Court Marriage, Criminal, Domestic Violence, Family, GST, High Court, Tax",,9,https://lawrato.com/lawyers/pune?&page=9
1695236918-122,https://lawrato.com/lawyers/pune?&page=,Advocate Dattaprasad Tikhe,https://lawrato.com/advocate-dattaprasad-tikhe,Advocate Dattaprasad Tikhe,8 years,"Mahavirnagar, Pune","English, Marathi","Cheque Bounce, Child Custody, Civil, Court Marriage, Divorce, Domestic Violence, Family, High Court",,9,https://lawrato.com/lawyers/pune?&page=9
1695236921-123,https://lawrato.com/lawyers/pune?&page=,Advocate Pradnya Prasad Kulkarni,https://lawrato.com/advocate-pradnya-prasad-kulkarni,Advocate Pradnya Prasad Kulkarni,7 years,"Chinchwad, Pune","English, Hindi, Marathi","Anticipatory Bail, Cheque Bounce, Child Custody, Civil, Court Marriage, Criminal, Domestic Violence, Family, High Court",,9,https://lawrato.com/lawyers/pune?&page=9
1695236924-124,https://lawrato.com/lawyers/pune?&page=,Advocate Tarak Shrikant Patil,https://lawrato.com/advocate-tarak-shrikant-patil,Advocate Tarak Shrikant Patil,10 years,"Deccan Gymkhana, Pune","English, Hindi, Marathi","Anticipatory Bail, Cheque Bounce, Child Custody, Civil, Court Marriage, Criminal, Divorce, Domestic Violence, Family",,9,https://lawrato.com/lawyers/pune?&page=9
1695236927-125,https://lawrato.com/lawyers/pune?&page=,Advocate Shardul Mhetre,https://lawrato.com/advocate-shardul-mhetre,Advocate Shardul Mhetre,7 years,"Kondhva, Pune","English, Hindi, Marathi","Child Custody, Civil, Court Marriage, Divorce, Documentation, Domestic Violence, Family, High Court",,9,https://lawrato.com/lawyers/pune?&page=9
1695236930-126,https://lawrato.com/lawyers/pune?&page=,Advocate Manoj Kumar Banerjee,https://lawrato.com/advocate-manoj-kumar-banerjee,Advocate Manoj Kumar Banerjee,7 years,"Hadapsar, Pune","English, Hindi","Anticipatory Bail, Banking / Finance, Civil, Court Marriage, Criminal, Domestic Violence, Family, High Court, Motor Accident, NCLT, Property, RERA, Succession Certificate, Supreme Court",,9,https://lawrato.com/lawyers/pune?&page=9
1695236933-127,https://lawrato.com/lawyers/pune?&page=,Advocate Padma Shrikrishna Sartale,https://lawrato.com/advocate-padma-shrikrishna-sartale,Advocate Padma Shrikrishna Sartale,11 years,"Near Pune University, Pune","English, Hindi, Marathi","Anticipatory Bail, Banking / Finance, Child Custody, Civil, Court Marriage, Criminal, Divorce, Domestic Violence, Family, High Court, NCLT, Property, RERA, Succession Certificate",,9,https://lawrato.com/lawyers/pune?&page=9
1695236936-128,https://lawrato.com/lawyers/pune?&page=,Advocate Lakhan Shivprasadji Soni,https://lawrato.com/advocate-lakhan-shivprasadji-soni,Advocate Lakhan Shivprasadji Soni,10 years,"Kasat Chowk, Pune","English, Hindi, Marathi","Anticipatory Bail, Civil, Divorce, Documentation, Property",,9,https://lawrato.com/lawyers/pune?&page=9
1695236939-129,https://lawrato.com/lawyers/pune?&page=,Advocate Arti Gathe,https://lawrato.com/advocate-arti-gathe,Advocate Arti Gathe,9 years,"Parbhani, Pune","English, Hindi, Marathi","Anticipatory Bail, Bankruptcy / Insolvency, Breach of Contract, Child Custody, Corporate, Court Marriage, Criminal, Divorce, Domestic Violence, Family, High Court, Media and Entertainment",,9,https://lawrato.com/lawyers/pune?&page=9
1695236942-130,https://lawrato.com/lawyers/pune?&page=,Advocate Mayur N. Gajbhiye,https://lawrato.com/advocate-mayur-n-gajbhiye,Advocate Mayur N. Gajbhiye,10 years,"Kondhwa (Bk.), Pune","English, Hindi, Marathi","Anticipatory Bail, Child Custody, Civil, Consumer Court, Court Marriage, Criminal, Divorce, Domestic Violence, Family, High Court",,9,https://lawrato.com/lawyers/pune?&page=9
1695236945-131,https://lawrato.com/lawyers/pune?&page=,Advocate Chetan Rajendra Nagare,https://lawrato.com/advocate-chetan-rajendra-nagare,Advocate Chetan Rajendra Nagare,10 years,"Kothrud, Pune","English, Hindi, Marathi","Anticipatory Bail, Bankruptcy / Insolvency, Breach of Contract, Corporate, Criminal, Documentation, High Court, Media and Entertainment, NCLT, Property, RERA, Succession Certificate",,9,https://lawrato.com/lawyers/pune?&page=9
1695236948-132,https://lawrato.com/lawyers/pune?&page=,Advocate Pramod Kashinath Saste,https://lawrato.com/advocate-pramod-kashinath-saste,Advocate Pramod Kashinath Saste,13 years,"Handewadi, Pune","English, Hindi, Marathi","Cheque Bounce, Civil, Court Marriage, Criminal, Domestic Violence, Family, High Court",,9,https://lawrato.com/lawyers/pune?&page=9
1695236951-133,https://lawrato.com/lawyers/pune?&page=,Advocate Kapil Agarwal,https://lawrato.com/advocate-kapil-agarwal,Advocate Kapil Agarwal,13 years,"Aundh, Pune","English, Hindi","Cheque Bounce, Civil, Property, RERA",,9,https://lawrato.com/lawyers/pune?&page=9
1695236954-134,https://lawrato.com/lawyers/pune?&page=,Advocate Janardan Dahatonde,https://lawrato.com/advocate-janardan-dahatonde,Advocate Janardan Dahatonde,18 years,"Ravet, Pune","English, Hindi, Marathi","Court Marriage, Documentation, Family, Property, Wills / Trusts",,9,https://lawrato.com/lawyers/pune?&page=9
1695236960-135,https://lawrato.com/lawyers/pune?&page=,Advocate Pravin M Nagane,https://lawrato.com/advocate-pravin-m-nagane,Advocate Pravin M Nagane,16 years,"Kothrud, Pune","English, Hindi, Maithili","Documentation, NCLT, Property, RERA, Succession Certificate, Wills / Trusts",,8,https://lawrato.com/lawyers/pune?&page=8
1695236963-136,https://lawrato.com/lawyers/pune?&page=,Advocate Shweta Gattewar,https://lawrato.com/advocate-shweta-gattewar,Advocate Shweta Gattewar,21 years,"Wagholi, Pune","English, Hindi, Marathi","Anticipatory Bail, Arbitration, Civil, Criminal, Divorce, Domestic Violence",,8,https://lawrato.com/lawyers/pune?&page=8
1695236966-137,https://lawrato.com/lawyers/pune?&page=,Advocate Balkrishna Nanaware,https://lawrato.com/advocate-balkrishna-nanaware,Advocate Balkrishna Nanaware,13 years,"Wakad, Pune","English, Hindi, Marathi","Cyber Crime, Divorce, Domestic Violence, High Court, Landlord/Tenant, NCLT, Property, RERA, Succession Certificate, Wills / Trusts",,8,https://lawrato.com/lawyers/pune?&page=8
1695236969-138,https://lawrato.com/lawyers/pune?&page=,Advocate Sangita Survase-Anarthe Patil,https://lawrato.com/advocate-sangita-survase-anarthe-patil,Advocate Sangita Survase-Anarthe Patil,15 years,"Shivajinagar Court, Pune","English, Gujarati, Hindi, Marathi, Urdu","Anticipatory Bail, Child Custody, Civil, Court Marriage, Criminal, Divorce, Domestic Violence, Family, High Court, Supreme Court",,8,https://lawrato.com/lawyers/pune?&page=8
1695236972-139,https://lawrato.com/lawyers/pune?&page=,Advocate Yogesh Bavikar,https://lawrato.com/advocate-yogesh-bavikar,Advocate Yogesh Bavikar,14 years,"Shivaji Nagar Pune, Pune","English, Hindi, Marathi","Anticipatory Bail, Civil, Court Marriage, Criminal, Documentation, Domestic Violence, Family, Labour & Service",,8,https://lawrato.com/lawyers/pune?&page=8
1695236975-140,https://lawrato.com/lawyers/pune?&page=,Advocate Pravin Shendkar,https://lawrato.com/advocate-pravin-shendkar,Advocate Pravin Shendkar,20 years,"Bavdhan, Pune","English, Hindi, Marathi","Anticipatory Bail, Cheque Bounce, Civil, Criminal, Divorce, Domestic Violence, NCLT, Property, RERA, Succession Certificate",,8,https://lawrato.com/lawyers/pune?&page=8
1695236978-141,https://lawrato.com/lawyers/pune?&page=,Advocate Ujwala Vetal,https://lawrato.com/advocate-ujwala-vetal,Advocate Ujwala Vetal,14 years,"Wadgoan-Sheri, Pune","English, Hindi, Marathi","Court Marriage, Divorce, Domestic Violence, Family",,8,https://lawrato.com/lawyers/pune?&page=8
1695236981-142,https://lawrato.com/lawyers/pune?&page=,Advocate Veerbhadra G. Malbhage,https://lawrato.com/advocate-veerbhadra-g-malbhage,Advocate Veerbhadra G. Malbhage,13 years,"Shivajinagar, Pune","English, Hindi, Marathi","Civil, Consumer Court, Court Marriage, Domestic Violence, Family, International Law, NCLT, Property, RERA, Succession Certificate",,8,https://lawrato.com/lawyers/pune?&page=8
1695236984-143,https://lawrato.com/lawyers/pune?&page=,Advocate Varsha Anil Patole,https://lawrato.com/advocate-varsha-anil-patole,Advocate Varsha Anil Patole,16 years,"Katraj, Pune","English, Hindi, Marathi","Banking / Finance, Civil, NCLT, Property, RERA, Succession Certificate",,8,https://lawrato.com/lawyers/pune?&page=8
1695236987-144,https://lawrato.com/lawyers/pune?&page=,Advocate Deepak Parasram Suhanda,https://lawrato.com/advocate-deepak-parasram-suhanda,Advocate Deepak Parasram Suhanda,22 years,"Pimpri, Pune","English, Hindi, Marathi, Sindhi","Documentation, NCLT, Property, RERA, Succession Certificate",,8,https://lawrato.com/lawyers/pune?&page=8
1695236990-145,https://lawrato.com/lawyers/pune?&page=,Advocate Trupti Roge,https://lawrato.com/advocate-trupti-roge,Advocate Trupti Roge,15 years,"Mangalwar Peth, Pune","English, Hindi, Marathi","Civil, Court Marriage, Divorce, Domestic Violence, Family, NCLT, Property, RERA, Succession Certificate, Wills / Trusts",,8,https://lawrato.com/lawyers/pune?&page=8
1695236993-146,https://lawrato.com/lawyers/pune?&page=,Advocate Najmuddin Shaikh,https://lawrato.com/advocate-najmuddin-shaikh,Advocate Najmuddin Shaikh,43 years,"Dastur Meher Road, Pune","English, Hindi, Marathi","Anticipatory Bail, Civil, Criminal, Landlord/Tenant, Muslim Law, NCLT, Property, RERA, Succession Certificate, Wills / Trusts",,8,https://lawrato.com/lawyers/pune?&page=8
1695236996-147,https://lawrato.com/lawyers/pune?&page=,Advocate Pradip Pujari,https://lawrato.com/advocate-pradip-pujari,Advocate Pradip Pujari,14 years,"Kothrud, Pune","English, Hindi, Marathi","Documentation, Landlord/Tenant, Property, RERA, Succession Certificate",,8,https://lawrato.com/lawyers/pune?&page=8
1695236999-148,https://lawrato.com/lawyers/pune?&page=,Advocate Arti Arjun Barge,https://lawrato.com/advocate-arti-arjun-barge,Advocate Arti Arjun Barge,14 years,"Karve Nagar, Pune","English, Hindi, Marathi","Anticipatory Bail, Court Marriage, Criminal, Divorce, Domestic Violence, Family, Labour & Service, NCLT, Property, RERA, Succession Certificate",,8,https://lawrato.com/lawyers/pune?&page=8
1695237002-149,https://lawrato.com/lawyers/pune?&page=,Advocate Kuldeep Prakash Bakal,https://lawrato.com/advocate-kuldeep-prakash-bakal,Advocate Kuldeep Prakash Bakal,13 years,"Pimpri Chinchwad, Pune","English, Hindi, Marathi","Anticipatory Bail, Cheque Bounce, Court Marriage, Criminal, Divorce, Documentation, Domestic Violence, Family",,8,https://lawrato.com/lawyers/pune?&page=8
1695237005-150,https://lawrato.com/lawyers/pune?&page=,Advocate Vishal V Dhotre,https://lawrato.com/advocate-vishal-v-dhotre,Advocate Vishal V Dhotre,19 years,"Dighi, Pune","English, Hindi, Maithili","Consumer Court, Documentation, Landlord/Tenant, NCLT, Property, RERA, Succession Certificate, Wills / Trusts",,8,https://lawrato.com/lawyers/pune?&page=8
1695237008-151,https://lawrato.com/lawyers/pune?&page=,Advocate Monika Ashok Thanekar,https://lawrato.com/advocate-monika-ashok-thanekar,Advocate Monika Ashok Thanekar,16 years,"Erandwne, Pune","English, Hindi, Marathi","Arbitration, Child Custody, Civil, Consumer Court, Court Marriage, Domestic Violence, Family",,8,https://lawrato.com/lawyers/pune?&page=8
1695237011-152,https://lawrato.com/lawyers/pune?&page=,Advocate Chirag Chavan,https://lawrato.com/advocate-chirag-chavan,Advocate Chirag Chavan,15 years,"Shivaji Nagar, Pune","English, Hindi, Marathi","Cheque Bounce, Civil, Court Marriage, Divorce, Documentation, Domestic Violence, Family, NCLT, Property, RERA, Succession Certificate",,8,https://lawrato.com/lawyers/pune?&page=8
1695237014-153,https://lawrato.com/lawyers/pune?&page=,Advocate Gulshan Johar,https://lawrato.com/advocate-gulshan-johar,Advocate Gulshan Johar,54 years,"Shivajinagar, Pune","English, Hindi, Marathi, Punjabi","Anticipatory Bail, Cheque Bounce, Court Marriage, Criminal, Divorce, Domestic Violence, Family, High Court, Landlord/Tenant, NCLT, Property, RERA, Succession Certificate",,8,https://lawrato.com/lawyers/pune?&page=8
1695237020-154,https://lawrato.com/lawyers/pune?&page=,Advocate Sagar Narayan Potdar,https://lawrato.com/advocate-sagar-narayan-potdar,Advocate Sagar Narayan Potdar,24 years,"Karvenagar, Pune","English, Hindi, Marathi","Banking / Finance, Child Custody, Civil, Court Marriage, Divorce, Domestic Violence, Family, NCLT, Property, RERA, Succession Certificate",,7,https://lawrato.com/lawyers/pune?&page=7
1695237023-155,https://lawrato.com/lawyers/pune?&page=,Advocate Satish Mishra,https://lawrato.com/advocate-satish-mishra5161,Advocate Satish Mishra,43 years,"Lullanagar, Pune","English, Hindi, Marathi","Anticipatory Bail, Cheque Bounce, Criminal, Divorce, Domestic Violence, High Court, Medical Negligence, Motor Accident, Recovery",,7,https://lawrato.com/lawyers/pune?&page=7
1695237026-156,https://lawrato.com/lawyers/pune?&page=,Advocate Vaibhav Jathar,https://lawrato.com/advocate-vaibhav-jathar,Advocate Vaibhav Jathar,18 years,"District Court - Shivaji Nagar, Pune","English, Hindi, Marathi","Anticipatory Bail, Cheque Bounce, Child Custody, Civil, Court Marriage, Criminal, Divorce, Domestic Violence, Family, High Court, NCLT, Property, RERA, Succession Certificate",,7,https://lawrato.com/lawyers/pune?&page=7
1695237029-157,https://lawrato.com/lawyers/pune?&page=,Advocate Vasundhara Patil,https://lawrato.com/advocate-vasundhara-patil,Advocate Vasundhara Patil,35 years,"Balewadi, Pune","English, Hindi, Kannada, Marathi","Child Custody, Civil, Court Marriage, Divorce, Domestic Violence, Family, High Court, NCLT, Property, RERA, Succession Certificate",,7,https://lawrato.com/lawyers/pune?&page=7
1695237032-158,https://lawrato.com/lawyers/pune?&page=,Advocate Kriti Deshpande,https://lawrato.com/advocate-kriti-deshpande,Advocate Kriti Deshpande,13 years,"Warje, Pune","English, Hindi, Marathi","Arbitration, Consumer Court, Documentation, High Court, Patent, Startup, Trademark & Copyright",,7,https://lawrato.com/lawyers/pune?&page=7
1695237035-159,https://lawrato.com/lawyers/pune?&page=,Advocate Ashwini Ajinkya Kulkarni,https://lawrato.com/advocate-ashwini-ajinkya-kulkarni,Advocate Ashwini Ajinkya Kulkarni,19 years,"Parvati Payatha, Pune","English, Hindi","Child Custody, Civil, Court Marriage, Divorce, Domestic Violence, Family, High Court",,7,https://lawrato.com/lawyers/pune?&page=7
1695237038-160,https://lawrato.com/lawyers/pune?&page=,Advocate Abhijeet Murari Birajdar,https://lawrato.com/advocate-abhijeet-murari-birajdar,Advocate Abhijeet Murari Birajdar,12 years,"Shivaji Nagar, Pune","English, Hindi, Marathi","Anticipatory Bail, Civil, Criminal, High Court",,7,https://lawrato.com/lawyers/pune?&page=7
1695237041-161,https://lawrato.com/lawyers/pune?&page=,Advocate Pravin Shinde,https://lawrato.com/advocate-pravin-shinde,Advocate Pravin Shinde,15 years,"Haveli, Pune","English, Hindi","Anticipatory Bail, Civil, Criminal, High Court",,7,https://lawrato.com/lawyers/pune?&page=7
1695237044-162,https://lawrato.com/lawyers/pune?&page=,Advocate Rupesh Gadekar,https://lawrato.com/advocate-rupesh-gadekar,Advocate Rupesh Gadekar,13 years,"Dhayari, Pune","English, Hindi, Marathi","Anticipatory Bail, Cheque Bounce, Civil, Court Marriage, Criminal, Documentation, Domestic Violence, Family, High Court, NCLT, Property, RERA, Succession Certificate",,7,https://lawrato.com/lawyers/pune?&page=7
1695237047-163,https://lawrato.com/lawyers/pune?&page=,Advocate Ashutosh Mohan Kulkarni,https://lawrato.com/advocate-ashutosh-mohan-kulkarni,Advocate Ashutosh Mohan Kulkarni,19 years,"Karve Nagar, Pune","English, Hindi, Marathi","Arbitration, Civil, Documentation, High Court, NCLT, Property, RERA, Succession Certificate",,7,https://lawrato.com/lawyers/pune?&page=7
1695237050-164,https://lawrato.com/lawyers/pune?&page=,Advocate Susmita Jagtap,https://lawrato.com/advocate-susmita-jagtap,Advocate Susmita Jagtap,24 years,"Gokhale Nagar, Pune","English, Hindi, Marathi","Child Custody, Court Marriage, Divorce, Domestic Violence, Family, High Court, Succession Certificate",,7,https://lawrato.com/lawyers/pune?&page=7
1695237053-165,https://lawrato.com/lawyers/pune?&page=,Advocate Madhavi Khare,https://lawrato.com/advocate-madhavi-khare,Advocate Madhavi Khare,33 years,"Prabhat Road, Pune","English, Hindi, Marathi","Court Marriage, Divorce, Documentation, Domestic Violence, Family, High Court",,7,https://lawrato.com/lawyers/pune?&page=7
1695237056-166,https://lawrato.com/lawyers/pune?&page=,Advocate Sanjeev Ramchandra Dudhat,https://lawrato.com/advocate-sanjeev-ramchandra-dudhat,Advocate Sanjeev Ramchandra Dudhat,35 years,"Pimpri, Pune","English, Marathi","Arbitration, Civil, Court Marriage, Divorce, Domestic Violence, Family, NCLT, Property, RERA, Succession Certificate",,7,https://lawrato.com/lawyers/pune?&page=7
1695237062-167,https://lawrato.com/lawyers/pune?&page=,Advocate Kedar Ramakant Kulkarni,https://lawrato.com/advocate-kedar-ramakant-kulkarni,Advocate Kedar Ramakant Kulkarni,16 years,"Rahatani, Pune","English, Hindi","Cheque Bounce, Consumer Court, Court Marriage, Documentation, Domestic Violence, Family, Landlord/Tenant",,6,https://lawrato.com/lawyers/pune?&page=6
1695237065-168,https://lawrato.com/lawyers/pune?&page=,Advocate Shweta Shital Chavan,https://lawrato.com/advocate-shweta-shital-chavan,Advocate Shweta Shital Chavan,15 years,"Pimple Gurav, Pune","English, Hindi, Marathi","Child Custody, Civil, Court Marriage, Divorce, Documentation, Domestic Violence, Family, High Court",,5,https://lawrato.com/lawyers/pune?&page=5
1695237068-169,https://lawrato.com/lawyers/pune?&page=,Advocate Pradeep Gudhate,https://lawrato.com/advocate-pradeep-gudhate,Advocate Pradeep Gudhate,30 years,"Dattawadi, Pune","English, Hindi, Marathi","Banking / Finance, Cheque Bounce, Civil, Consumer Court, Court Marriage, Divorce, Domestic Violence, Family, NCLT, Property, Recovery, RERA, Succession Certificate",,5,https://lawrato.com/lawyers/pune?&page=5
1695237071-170,https://lawrato.com/lawyers/pune?&page=,Advocate Kapil Gundawar,https://lawrato.com/advocate-kapil-gundawar,Advocate Kapil Gundawar,12 years,"Shivaji Nagar, Pune","English, Hindi, Marathi","Cheque Bounce, Civil, Consumer Court, Documentation, NCLT, Property, Recovery, RERA, Succession Certificate",,5,https://lawrato.com/lawyers/pune?&page=5
1695237074-171,https://lawrato.com/lawyers/pune?&page=,Advocate Manjusha Pradeep Gudhate,https://lawrato.com/advocate-manjusha-pradeep-gudhate,Advocate Manjusha Pradeep Gudhate,28 years,"Dattawadi, Pune","English, Hindi, Marathi","Banking / Finance, Cheque Bounce, Child Custody, Civil, Consumer Court, Court Marriage, Divorce, Domestic Violence, Family, NCLT, Property, Recovery, RERA, Succession Certificate",,5,https://lawrato.com/lawyers/pune?&page=5
1695237077-172,https://lawrato.com/lawyers/pune?&page=,Advocate Sadanand Suresh Kulkarni,https://lawrato.com/advocate-sadanand,Advocate Sadanand Suresh Kulkarni,26 years,"Sinhagad Road, Pune","English, Hindi, Marathi","Arbitration, Child Custody, Civil, Court Marriage, Divorce, Domestic Violence, Family",,5,https://lawrato.com/lawyers/pune?&page=5
1695237080-173,https://lawrato.com/lawyers/pune?&page=,Advocate Rajas Pingle,https://lawrato.com/advocate-rajas-pingle,Advocate Rajas Pingle,12 years,"Sadashiv Peth, Pune","English, Hindi, Marathi","Cyber Crime, High Court, International Law",,5,https://lawrato.com/lawyers/pune?&page=5
1695237083-174,https://lawrato.com/lawyers/pune?&page=,Advocate Utpal,https://lawrato.com/advocate-utpal,Advocate Utpal,14 years,"Budhwar Peth, Pune","English, Hindi, Marathi","Banking / Finance, Cheque Bounce, Civil, Court Marriage, Documentation, Domestic Violence, Family, High Court, Recovery",,5,https://lawrato.com/lawyers/pune?&page=5
1695237086-175,https://lawrato.com/lawyers/pune?&page=,Advocate Nitin Ghodke,https://lawrato.com/advocate-nitin-ghodke,Advocate Nitin Ghodke,12 years,"Mohan Nagar Chinchwad, Pune","English, Hindi, Maithili","Anticipatory Bail, Cheque Bounce, Court Marriage, Criminal, Divorce, Domestic Violence, Family, Wills / Trusts",,5,https://lawrato.com/lawyers/pune?&page=5
1695237089-176,https://lawrato.com/lawyers/pune?&page=,Advocate Varun Vinod Sutawane,https://lawrato.com/advocate-varun-vinod-sutawane,Advocate Varun Vinod Sutawane,14 years,"District & Sessions Court, Pune","English, Hindi, Marathi","Arbitration, Civil, Court Marriage, Family, Property, Trademark & Copyright",,5,https://lawrato.com/lawyers/pune?&page=5
1695237092-177,https://lawrato.com/lawyers/pune?&page=,Advocate Yogen Kakade,https://lawrato.com/advocate-yogen-kakade,Advocate Yogen Kakade,24 years,"Baner, Pune","English, Hindi, Marathi","Anticipatory Bail, Bankruptcy / Insolvency, Breach of Contract, Corporate, Criminal, Documentation, International Law, Media and Entertainment, NCLT, Property, RERA, Succession Certificate",,5,https://lawrato.com/lawyers/pune?&page=5
1695237095-178,https://lawrato.com/lawyers/pune?&page=,Advocate Akshada Thakare Gudadhe,https://lawrato.com/advocate-akshada-thakare-gudadhe,Advocate Akshada Thakare Gudadhe,14 years,"Shivajinagar, Pune","English, Hindi, Marathi","Bankruptcy / Insolvency, Breach of Contract, Corporate, Customs & Central Excise, Cyber Crime, High Court, Insurance, International Law, Media and Entertainment, Medical Negligence, Patent, Startup, Tax, Trademark & Copyright",,5,https://lawrato.com/lawyers/pune?&page=5
1695237098-179,https://lawrato.com/lawyers/pune?&page=,Advocate Ajinkya Ashok Dhende,https://lawrato.com/advocate-ajinkya-ashok-dhende,Advocate Ajinkya Ashok Dhende,12 years,"Gokhalenagar, Pune","English, Hindi, Marathi","Anticipatory Bail, Consumer Court, Court Marriage, Criminal, Divorce, Domestic Violence, Family, High Court, Insurance, Landlord/Tenant",,5,https://lawrato.com/lawyers/pune?&page=5
1695237101-180,https://lawrato.com/lawyers/pune?&page=,Advocate Akshay Patni,https://lawrato.com/advocate-akshay-patni,Advocate Akshay Patni,13 years,"JM Road, Pune","English, Gujarati, Hindi, Marathi","Anticipatory Bail, Arbitration, Bankruptcy / Insolvency, Breach of Contract, Corporate, Court Marriage, Criminal, Documentation, Domestic Violence, Family, High Court, Media and Entertainment, NCLT, Property, RERA, Succession Certificate",,5,https://lawrato.com/lawyers/pune?&page=5
1695237104-181,https://lawrato.com/lawyers/pune?&page=,Advocate Vibhuti Rohidas Borhade,https://lawrato.com/advocate-vibhuti-rohidas-borhade,Advocate Vibhuti Rohidas Borhade,16 years,"Hadapsar, Pune","English, Hindi, Marathi","High Court, NCLT, Property, RERA, Succession Certificate",,5,https://lawrato.com/lawyers/pune?&page=5
1695237107-182,https://lawrato.com/lawyers/pune?&page=,Advocate Balkrishna Ashtekar,https://lawrato.com/advocate-balkrishna-ashtekar,Advocate Balkrishna Ashtekar,18 years,"Hadapsar, Pune","English, Hindi, Marathi","Anticipatory Bail, Consumer Court, Court Marriage, Criminal, Divorce, Domestic Violence, Family, NCLT, Property, RERA, Succession Certificate",,5,https://lawrato.com/lawyers/pune?&page=5
1695237110-183,https://lawrato.com/lawyers/pune?&page=,Advocate Shrikant Laxman Tambe,https://lawrato.com/advocate-shrikant-laxman-tambe,Advocate Shrikant Laxman Tambe,17 years,"Shivajinagar, Pune","English, Hindi, Marathi","Anticipatory Bail, Banking / Finance, Civil, Court Marriage, Criminal, Divorce, Domestic Violence, Family, Insurance",,5,https://lawrato.com/lawyers/pune?&page=5
1695237113-184,https://lawrato.com/lawyers/pune?&page=,Advocate Aman Goel,https://lawrato.com/advocate-aman-goel,Advocate Aman Goel,9 years,"Shivaji Nagar, Pune","English, Hindi, Marathi","Cheque Bounce, Child Custody, Court Marriage, Divorce, Documentation, Domestic Violence, Family, NCLT, Property, RERA, Succession Certificate",,5,https://lawrato.com/lawyers/pune?&page=5
1695237116-185,https://lawrato.com/lawyers/pune?&page=,Advocate Nilesh Gaikwad,https://lawrato.com/advocate-nilesh-gaikwad,Advocate Nilesh Gaikwad,11 years,"Hinjewadi, Pune","English, Hindi, Marathi","Civil, Court Marriage, Divorce, Domestic Violence, Family, Labour & Service, NCLT, Property, Recovery, RERA, Succession Certificate",,5,https://lawrato.com/lawyers/pune?&page=5
1695237119-186,https://lawrato.com/lawyers/pune?&page=,Advocate Amol Bhujbal Balasaheb,https://lawrato.com/advocate-amol-bhujbal-balasaheb,Advocate Amol Bhujbal Balasaheb,8 years,"Mulshi, Pune","English, Hindi, Marathi","Child Custody, Civil, Court Marriage, Divorce, Domestic Violence, Family, GST, Tax",,5,https://lawrato.com/lawyers/pune?&page=5
1695237122-187,https://lawrato.com/lawyers/pune?&page=,Advocate Namita Kanhurkar,https://lawrato.com/advocate-namita-kanhurkar,Advocate Namita Kanhurkar,15 years,"Shivajinagar, Pune","English, Marathi","Anticipatory Bail, Civil, Consumer Court, Court Marriage, Criminal, Divorce, Domestic Violence, Family, Motor Accident",,5,https://lawrato.com/lawyers/pune?&page=5
1695237128-188,https://lawrato.com/lawyers/pune?&page=,Advocate Aashutosh Srivastava,https://lawrato.com/advocate-aashutosh-srivastava,Advocate Aashutosh Srivastava,17 years,"Moledena Road, Camp, Pune","English, Hindi, Marathi","Anticipatory Bail, Bankruptcy / Insolvency, Breach of Contract, Corporate, Criminal, Divorce, Domestic Violence, High Court, Media and Entertainment, Medical Negligence, NCLT, Property, RERA, Succession Certificate",,4,https://lawrato.com/lawyers/pune?&page=4
1695237131-189,https://lawrato.com/lawyers/pune?&page=,Advocate KB Patil,https://lawrato.com/advocate-kb-patil,Advocate KB Patil,11 years,"Lohegaon, Pune","English, Hindi, Kannada, Konkani, Marathi","Cheque Bounce, Civil, Consumer Court, Divorce, Domestic Violence, High Court, NCLT, Patent, Property, RERA, Succession Certificate, Trademark & Copyright",,4,https://lawrato.com/lawyers/pune?&page=4
1695237134-190,https://lawrato.com/lawyers/pune?&page=,Advocate Bharat Pandirao Pawar,https://lawrato.com/advocate-bharat-pandirao-pawar,Advocate Bharat Pandirao Pawar,13 years,"Vishrantwandi, Pune","English, Hindi, Marathi, Sanskrit, Urdu","Bankruptcy / Insolvency, Breach of Contract, Child Custody, Civil, Corporate, Court Marriage, Divorce, Domestic Violence, Family, High Court, Media and Entertainment, NCLT, Property, RERA, Succession Certificate",,4,https://lawrato.com/lawyers/pune?&page=4
1695237137-191,https://lawrato.com/lawyers/pune?&page=,Advocate Mahesh Ravi Iyer,https://lawrato.com/advocate-mahesh-iyer,Advocate Mahesh Ravi Iyer,15 years,"East Street, Pune","English, Hindi, Marathi, Tamil","Cheque Bounce, Civil, Court Marriage, Divorce, Domestic Violence, Family, High Court, NCLT, Property, Recovery, RERA, Succession Certificate",,4,https://lawrato.com/lawyers/pune?&page=4
1695237140-192,https://lawrato.com/lawyers/pune?&page=,Advocate Vijaykumar Bhujangrao Dhakane,https://lawrato.com/advocate-vijaykumar-bhujangrao-dhakane,Advocate Vijaykumar Bhujangrao Dhakane,19 years,"Shivajinagar, Pune","English, Hindi, Marathi","Anticipatory Bail, Arbitration, Child Custody, Civil, Court Marriage, Criminal, Divorce, Domestic Violence, Family, High Court",,4,https://lawrato.com/lawyers/pune?&page=4
1695237143-193,https://lawrato.com/lawyers/pune?&page=,Advocate Kalyan Narayan Shinde,https://lawrato.com/advocate-kalyan-shinde,Advocate Kalyan Narayan Shinde,15 years,"Ambegaon Budruk, Pune","English, Hindi, Marathi",Documentation,,4,https://lawrato.com/lawyers/pune?&page=4
1695237146-194,https://lawrato.com/lawyers/pune?&page=,Advocate Kavita Kulkarni,https://lawrato.com/advocate-kavita-kulkarni,Advocate Kavita Kulkarni,40 years,"Shivajinagar, Pune","English, Hindi, Marathi","Anticipatory Bail, Cheque Bounce, Civil, Consumer Court, Court Marriage, Criminal, Divorce, Domestic Violence, Family, High Court, NCLT, Property, RERA, Succession Certificate",,4,https://lawrato.com/lawyers/pune?&page=4
1695237149-195,https://lawrato.com/lawyers/pune?&page=,Advocate Mufaddal Readycash,https://lawrato.com/advocate-mufaddal-readycash,Advocate Mufaddal Readycash,6 years,"Khadki Bazaar, Pune","English, Gujarati, Hindi, Marathi","Cheque Bounce, Civil, Consumer Court, Divorce, Domestic Violence, High Court, Landlord/Tenant, Motor Accident",,4,https://lawrato.com/lawyers/pune?&page=4
1695237152-196,https://lawrato.com/lawyers/pune?&page=,Advocate Amita Ashok Sawant,https://lawrato.com/advocate-amita-ashok-sawant,Advocate Amita Ashok Sawant,8 years,"Pimpri, Pune","English, Hindi, Marathi","Anticipatory Bail, Cheque Bounce, Civil, Criminal, Documentation, High Court, Motor Accident",,4,https://lawrato.com/lawyers/pune?&page=4
1695237155-197,https://lawrato.com/lawyers/pune?&page=,Advocate Aher Yogesh Mohan,https://lawrato.com/advocate-aher-yogesh-mohan,Advocate Aher Yogesh Mohan,8 years,"Khadki, Pune","English, Hindi, Marathi","Arbitration, Bankruptcy / Insolvency, Breach of Contract, Child Custody, Civil, Consumer Court, Corporate, Court Marriage, Divorce, Domestic Violence, Family, Media and Entertainment",,4,https://lawrato.com/lawyers/pune?&page=4
1695237158-198,https://lawrato.com/lawyers/pune?&page=,Advocate Rohan Rathod,https://lawrato.com/advocate-rohan-rathod,Advocate Rohan Rathod,9 years,"Shivajinagar Gaothan, Pune","English, Hindi, Marathi","Breach of Contract, Cheque Bounce, Civil, Consumer Court, Court Marriage, Criminal, Divorce, Family, High Court, Motor Accident, Recovery, Startup",,4,https://lawrato.com/lawyers/pune?&page=4
1695237161-199,https://lawrato.com/lawyers/pune?&page=,Advocate Pravin Dnyaneshwar Pasalkar,https://lawrato.com/advocate-pravin-dnyaneshwar-pasalkar,Advocate Pravin Dnyaneshwar Pasalkar,7 years,"Karvenagar, Pune","English, Hindi, Marathi","Anticipatory Bail, Cheque Bounce, Civil, Court Marriage, Criminal, Divorce, Domestic Violence, Family",,4,https://lawrato.com/lawyers/pune?&page=4
1695237164-200,https://lawrato.com/lawyers/pune?&page=,Advocate Sumit Bhagat,https://lawrato.com/advocate-sumit-bhagat,Advocate Sumit Bhagat,8 years,"Hadapsar, Pune","English, Hindi, Marathi","Cheque Bounce, Civil, Consumer Court, Court Marriage, Documentation, Domestic Violence, Family, NCLT, Property, RERA, Succession Certificate",,4,https://lawrato.com/lawyers/pune?&page=4
1695237167-201,https://lawrato.com/lawyers/pune?&page=,Advocate Siddharth Rajendra Gaikwad,https://lawrato.com/advocate-siddharth-rajendra-gaikwad,Advocate Siddharth Rajendra Gaikwad,9 years,"Ganga Dham, Pune","English, Hindi, Marathi","Anticipatory Bail, Cheque Bounce, Civil, Consumer Court, Court Marriage, Criminal, Divorce, Domestic Violence, Family",,4,https://lawrato.com/lawyers/pune?&page=4
1695237170-202,https://lawrato.com/lawyers/pune?&page=,Advocate Vedika Chhabria,https://lawrato.com/advocate-rakhi-sajnani,Advocate Vedika Chhabria,7 years,"Kharadi, Pune","English, Hindi, Marathi","Child Custody, Court Marriage, Divorce, Domestic Violence, Family",,4,https://lawrato.com/lawyers/pune?&page=4
1695237173-203,https://lawrato.com/lawyers/pune?&page=,Advocate Rupali Awati,https://lawrato.com/advocate-rupali-awati,Advocate Rupali Awati,9 years,"Shikshaknagar, Pune","English, Hindi, Marathi","Cheque Bounce, Consumer Court, Court Marriage, Divorce, Domestic Violence, Family, NCLT, Property, RERA, Succession Certificate, Wills / Trusts",,4,https://lawrato.com/lawyers/pune?&page=4
1695237176-204,https://lawrato.com/lawyers/pune?&page=,Advocate Alim Husen Patel,https://lawrato.com/advocate-alim-husen-patel,Advocate Alim Husen Patel,9 years,"Shivajinagar, Pune","English, Hindi, Marathi","Arbitration, Banking / Finance, Civil, Consumer Court, High Court, Medical Negligence, Muslim Law",,4,https://lawrato.com/lawyers/pune?&page=4
1695237179-205,https://lawrato.com/lawyers/pune?&page=,Advocate Shantanu Bhagwat,https://lawrato.com/advocate-shantanu-bhagwat,Advocate Shantanu Bhagwat,7 years,"Karve Road, Pune","English, Hindi, Marathi","Cheque Bounce, Civil, Court Marriage, Divorce, Domestic Violence, Family",,4,https://lawrato.com/lawyers/pune?&page=4
1695237182-206,https://lawrato.com/lawyers/pune?&page=,Advocate Iqbal Ahmed Mahimood Shaikh,https://lawrato.com/advocate-iqbal-ahmed-mahimood-shaikh,Advocate Iqbal Ahmed Mahimood Shaikh,14 years,"Kondhwa Budruk, Pune","English, Hindi, Marathi, Urdu","Civil, Consumer Court, High Court, Landlord/Tenant, NCLT, Patent, Property, RERA, Succession Certificate, Trademark & Copyright, Wills / Trusts",,4,https://lawrato.com/lawyers/pune?&page=4
1695237185-207,https://lawrato.com/lawyers/pune?&page=,Advocate Uday Madhukarrao Chavan,https://lawrato.com/advocate-uday-madhukarrao-chavan,Advocate Uday Madhukarrao Chavan,20 years,"Budhwar Peth, Pune","English, Gujarati, Hindi, Konkani, Marathi","Cheque Bounce, Civil, Consumer Court, Court Marriage, Divorce, Domestic Violence, Family, NCLT, Property, RERA, Succession Certificate",,4,https://lawrato.com/lawyers/pune?&page=4
1695237191-208,https://lawrato.com/lawyers/pune?&page=,Advocate Mehboob Shaikh,https://lawrato.com/advocate-mehboob-shaikh,Advocate Mehboob Shaikh,10 years,"Kingsway Bk, Pune","English, Hindi, Marathi, Urdu","Anticipatory Bail, Cheque Bounce, Court Marriage, Criminal, Divorce, Domestic Violence, Family, Motor Accident, Muslim Law",,3,https://lawrato.com/lawyers/pune?&page=3
1695237194-209,https://lawrato.com/lawyers/pune?&page=,Advocate Manoj Parve,https://lawrato.com/advocate-manoj-parve,Advocate Manoj Parve,16 years,"Sadashiv Peth, Pune","English, Hindi, Marathi","Anticipatory Bail, Breach of Contract, Cheque Bounce, Corporate, Court Marriage, Criminal, Divorce, Domestic Violence, Family, Medical Negligence, Succession Certificate",,3,https://lawrato.com/lawyers/pune?&page=3
1695237197-210,https://lawrato.com/lawyers/pune?&page=,Advocate Prasad Ramachandra Raut,https://lawrato.com/advocate-prasad-ramachandra-raut,Advocate Prasad Ramachandra Raut,14 years,"Somwar Peth, Pune","English, Marathi","Arbitration, Bankruptcy / Insolvency, Breach of Contract, Cheque Bounce, Civil, Divorce, Insurance, Motor Accident, RERA, Startup",,3,https://lawrato.com/lawyers/pune?&page=3
1695237200-211,https://lawrato.com/lawyers/pune?&page=,Advocate Surekha Gondhale,https://lawrato.com/advocate-surekha-gondhale,Advocate Surekha Gondhale,14 years,"Viman Nagar, Pune","English, Hindi, Marathi","Cheque Bounce, Civil, Court Marriage, Divorce, Documentation, Domestic Violence, Family, NCLT, Property, RERA, Succession Certificate",,3,https://lawrato.com/lawyers/pune?&page=3
1695237203-212,https://lawrato.com/lawyers/pune?&page=,Advocate Harshavardhan Bhende,https://lawrato.com/advocate-harshavardhan-bhende,Advocate Harshavardhan Bhende,11 years,"Aundh, Pune, Pune","English, Hindi, Marathi","Arbitration, Banking / Finance, Breach of Contract, Cheque Bounce, Civil, Divorce, Domestic Violence, High Court, Labour & Service, NCLT, Startup",,3,https://lawrato.com/lawyers/pune?&page=3
1695237206-213,https://lawrato.com/lawyers/pune?&page=,Advocate Ganesh Alandikar,https://lawrato.com/advocate-ganesh-alandikar,Advocate Ganesh Alandikar,15 years,"Baramati, Pune","English, Hindi, Marathi","Civil, Divorce, Domestic Violence, Labour & Service, Motor Accident, NCLT, Property, RERA, Succession Certificate",,3,https://lawrato.com/lawyers/pune?&page=3
1695237209-214,https://lawrato.com/lawyers/pune?&page=,Advocate Vandana Madan Deogaonkar,https://lawrato.com/advocate-vandana-madan-deogaonkar,Advocate Vandana Madan Deogaonkar,13 years,"Shivajinagar District Court, Pune","English, Hindi, Marathi","Cheque Bounce, Child Custody, Civil, Court Marriage, Documentation, Domestic Violence, Family, Landlord/Tenant",,3,https://lawrato.com/lawyers/pune?&page=3
1695237212-215,https://lawrato.com/lawyers/pune?&page=,Advocate Vidyadhar Apte,https://lawrato.com/advocate-vidyadhar-apte,Advocate Vidyadhar Apte,18 years,"312 Shaniwar Peth, Pune","English, Hindi, Marathi","Consumer Court, Customs & Central Excise, Cyber Crime, GST, High Court, Tax",,3,https://lawrato.com/lawyers/pune?&page=3
1695237215-216,https://lawrato.com/lawyers/pune?&page=,Advocate Ruhi Ahire Shukla,https://lawrato.com/advocate-ruhi-ahire-shukla,Advocate Ruhi Ahire Shukla,12 years,"Shivajinagar, Pune","English, Hindi, Marathi","Bankruptcy / Insolvency, Breach of Contract, Cheque Bounce, Child Custody, Civil, Consumer Court, Corporate, Court Marriage, Divorce, Documentation, Domestic Violence, Family, High Court, Labour & Service, Landlord/Tenant, Media and Entertainment, Medical Negligence, NCLT, Property, Recovery, RERA, Startup, Succession Certificate, Wills / Trusts",,3,https://lawrato.com/lawyers/pune?&page=3
1695237218-217,https://lawrato.com/lawyers/pune?&page=,Advocate Gopal Prabhakar Nagre,https://lawrato.com/advocate-gopal-prabhakar-nagre,Advocate Gopal Prabhakar Nagre,12 years,"Shivajinagar, Pune","English, Hindi, Marathi","Civil, Criminal, Divorce, Documentation, Property",,3,https://lawrato.com/lawyers/pune?&page=3
1695237221-218,https://lawrato.com/lawyers/pune?&page=,Advocate Vishakha R Patnaik,https://lawrato.com/advocate-vishakha-r-patnaik,Advocate Vishakha R Patnaik,14 years,"Wakad, Pune","English, Hindi, Marathi","Child Custody, Court Marriage, Divorce, Documentation, Domestic Violence, Family, High Court, NCLT, Property, RERA, Succession Certificate",,3,https://lawrato.com/lawyers/pune?&page=3
1695237224-219,https://lawrato.com/lawyers/pune?&page=,Advocate Damodar Pote,https://lawrato.com/advocate-damodar-pote,Advocate Damodar Pote,16 years,"Narayan Peth, Pune","English, Hindi, Marathi","Banking / Finance, Cheque Bounce, Civil, Consumer Court, Documentation, NCLT, Property, RERA, Succession Certificate",,3,https://lawrato.com/lawyers/pune?&page=3
1695237227-220,https://lawrato.com/lawyers/pune?&page=,Advocate Priyanka Matlane,https://lawrato.com/advocate-priyanka-matlane,Advocate Priyanka Matlane,10 years,"Old Sangvi, Pune","English, Hindi, Marathi","Anticipatory Bail, Child Custody, Civil, Court Marriage, Criminal, Divorce, Domestic Violence, Family, High Court, Labour & Service",,3,https://lawrato.com/lawyers/pune?&page=3
1695237230-221,https://lawrato.com/lawyers/pune?&page=,Advocate Sachin Ghalsasi Prakash,https://lawrato.com/advocate-sachin-ghalsasi-prakash,Advocate Sachin Ghalsasi Prakash,20 years,"Keshav Nagar, Pune","English, Hindi, Marathi","Civil, Consumer Court, Court Marriage, Divorce, Domestic Violence, Family, High Court, Motor Accident",,3,https://lawrato.com/lawyers/pune?&page=3
1695237233-222,https://lawrato.com/lawyers/pune?&page=,Advocate Sachin Vasant Pani,https://lawrato.com/advocate-sachin-vasant-pani,Advocate Sachin Vasant Pani,20 years,"Keshav Nagar, Pune","English, Hindi, Marathi","Anticipatory Bail, Civil, Criminal, Cyber Crime, GST, High Court, Patent, Tax, Trademark & Copyright",,3,https://lawrato.com/lawyers/pune?&page=3
1695237236-223,https://lawrato.com/lawyers/pune?&page=,Advocate S. J Parshe,https://lawrato.com/advocate-s-j-parshe,Advocate S. J Parshe,19 years,"Hadapsar, Pune","English, Hindi, Marathi",Consumer Court,,3,https://lawrato.com/lawyers/pune?&page=3
1695237239-224,https://lawrato.com/lawyers/pune?&page=,Advocate Raunak Rane,https://lawrato.com/advocate-raunak-rane,Advocate Raunak Rane,11 years,"District Court, Pune","English, Hindi, Marathi","Civil, Court Marriage, Divorce, Domestic Violence, Family, High Court, NCLT, Property, RERA, Startup, Succession Certificate",,3,https://lawrato.com/lawyers/pune?&page=3
1695237242-225,https://lawrato.com/lawyers/pune?&page=,Advocate Vrushali Gulwadi,https://lawrato.com/advocate-vrushali-gulwadi,Advocate Vrushali Gulwadi,11 years,"Erandwane, Pune","English, Hindi, Marathi","Arbitration, Corporate, Documentation, High Court, Startup",,3,https://lawrato.com/lawyers/pune?&page=3
1695237245-226,https://lawrato.com/lawyers/pune?&page=,Advocate Sachin V Prayag,https://lawrato.com/advocate-sachin-v-prayag,Advocate Sachin V Prayag,23 years,"Chikhali, Pune","English, Hindi, Marathi","Cheque Bounce, Civil, Consumer Court, Divorce, Documentation, Domestic Violence, High Court, NCLT, Property, RERA, Succession Certificate",,3,https://lawrato.com/lawyers/pune?&page=3
1695237248-227,https://lawrato.com/lawyers/pune?&page=,Advocate Amruta Mehendale,https://lawrato.com/advocate-amruta-mehendale,Advocate Amruta Mehendale,15 years,"Shaniwar Peth, Pune","English, Hindi","Cheque Bounce, Civil, Consumer Court, Court Marriage, Domestic Violence, Family, NCLT, Property, Recovery, RERA, Succession Certificate",,3,https://lawrato.com/lawyers/pune?&page=3
1695237257-228,https://lawrato.com/lawyers/pune?&page=,Advocate Unmesh Gopal Dindore,https://lawrato.com/advocate-unmesh-gopal-dindore,Advocate Unmesh Gopal Dindore,15 years,"15th August Chowk, Pune","English, Gujarati, Hindi, Marathi, Sanskrit","Arbitration, Banking / Finance, Bankruptcy / Insolvency, Cheque Bounce, Consumer Court, Corporate, Divorce, Property, Recovery, Wills / Trusts",,,https://lawrato.com/lawyers/pune?&page=1
1695237260-229,https://lawrato.com/lawyers/pune?&page=,Advocate Sudhanva P RajeNimbalkar,https://lawrato.com/advocate-sudhanva-p-rajenimbalkar,Advocate Sudhanva P RajeNimbalkar,35 years,"Sadashiv Peth, Pune","English, Hindi, Marathi","Arbitration, Cheque Bounce, Civil, Consumer Court, Divorce, Documentation, High Court, Property, Succession Certificate, Wills / Trusts","Bombay High Court,",,https://lawrato.com/lawyers/pune?&page=1
1695237263-236,https://lawrato.com/lawyers/pune?&page=,Advocate Pralhad Vishwanath Kachare,https://lawrato.com/advocate-pralhad-vishwanath-kachare,Advocate Pralhad Vishwanath Kachare,1 years,"Karve Nagar, Pune","English, Hindi, Marathi",Landlord/Tenant,"Bombay High Court,",,https://lawrato.com/lawyers/pune?&page=1
1695237266-241,https://lawrato.com/lawyers/pune?&page=,Advocate Juhi Qureshi,https://lawrato.com/advocate-juhi-qureshi,Advocate Juhi Qureshi,8 years,"Shivajinagar, Pune","English, Hindi, Marathi","Anticipatory Bail, Court Marriage, Criminal, Divorce, Domestic Violence, Family, High Court, Muslim Law, Wills / Trusts","Bombay High Court,",,https://lawrato.com/lawyers/pune?&page=1
1695237269-244,https://lawrato.com/lawyers/pune?&page=,Advocate Shweta Pandey,https://lawrato.com/advocate-shweta-pandey,Advocate Shweta Pandey,3 years,"Shivajinagar, Pune","English, Hindi, Marathi","Anticipatory Bail, Arbitration, Cheque Bounce, Child Custody, Civil, Criminal, Divorce, Domestic Violence, Family, Recovery","Bombay High Court,",,https://lawrato.com/lawyers/pune?&page=1
1695237272-254,https://lawrato.com/lawyers/pune?&page=,Advocate Navid Rashid Mulani,https://lawrato.com/advocate-navid-rashid-mulani,Advocate Navid Rashid Mulani,3 years,"Camp, Pune","English, Hindi, Marathi, Urdu","Anticipatory Bail, Child Custody, Consumer Court, Criminal, Divorce, Domestic Violence, High Court, Muslim Law, Succession Certificate, Wills / Trusts","Arbitral Tribunal,",,https://lawrato.com/lawyers/pune?&page=1
1695237275-262,https://lawrato.com/lawyers/pune?&page=,Advocate Vijay Shreebhagwan Agarwal,https://lawrato.com/advocate-vijay-shreebhagwan-agarwal,Advocate Vijay Shreebhagwan Agarwal,8 years,"Shivajinagar, Pune","English, Hindi, Marathi","Anticipatory Bail, Cheque Bounce, Consumer Court, Criminal, Divorce, Domestic Violence, Family, Medical Negligence, Motor Accident, Succession Certificate","Consumer District Forum, Pune,",,https://lawrato.com/lawyers/pune?&page=1
1695237279-269,https://lawrato.com/lawyers/pune?&page=,Advocate Shweta Joshi,https://lawrato.com/advocate-shweta-joshi,Advocate Shweta Joshi,10 years,"Dhayari, Pune","English, Hindi, Marathi","Breach of Contract, Child Custody, Civil, Consumer Court, Corporate, Divorce, Domestic Violence, Landlord/Tenant, Property, Recovery","Consumer District Forum, Pune,",,https://lawrato.com/lawyers/pune?&page=1
1695237282-274,https://lawrato.com/lawyers/pune?&page=,Advocate Dhananjay Ravikant Gangawane,https://lawrato.com/advocate-dhananjay-ravikant-gangawane,Advocate Dhananjay Ravikant Gangawane,7 years,"Vadgaon Maval, Pune","English, Hindi, Marathi","Anticipatory Bail, Child Custody, Civil, Court Marriage, Criminal, Divorce, Documentation, Family, High Court, Property, Succession Certificate","Bombay High Court,",,https://lawrato.com/lawyers/pune?&page=1
1695237285-284,https://lawrato.com/lawyers/pune?&page=,Advocate Monica Shroff,https://lawrato.com/advocate-monica-shroff,Advocate Monica Shroff,7 years,"Pimpri, Pune","English, Hindi, Marathi, Sindhi","Cheque Bounce, Child Custody, Civil, Court Marriage, Divorce, Documentation, Domestic Violence, Family, High Court, Property, Recovery, Wills / Trusts","Bombay High Court,",,https://lawrato.com/lawyers/pune?&page=1
1695237288-294,https://lawrato.com/lawyers/pune?&page=,Advocate Minakshi Bapu Ovhal Dakhane,https://lawrato.com/advocate-minakshi-bapu-ovhal,Advocate Minakshi Bapu Ovhal Dakhane,12 years,"Shivajinagar, Pune","English, Hindi, Marathi","Anticipatory Bail, Civil, Consumer Court, Court Marriage, Divorce, Domestic Violence, Family, Labour & Service, Property, Wills / Trusts","Bombay High Court,",,https://lawrato.com/lawyers/pune?&page=1
1695237291-299,https://lawrato.com/lawyers/pune?&page=,Advocate Rani Sonawane,https://lawrato.com/advocate-rani-sonawane,Advocate Rani Sonawane,24 years,"Shivajinagar, Pune","English, Hindi, Marathi","Anticipatory Bail, Cheque Bounce, Civil, Court Marriage, Criminal, Divorce, Domestic Violence, Family, Motor Accident, Muslim Law, Succession Certificate","District and Sessions Court, Mumbai,",,https://lawrato.com/lawyers/pune?&page=1
1695237294-302,https://lawrato.com/lawyers/pune?&page=,Advocate Clerence Pereira,https://lawrato.com/advocate-clerence-pereira,Advocate Clerence Pereira,6 years,"Camp, Pune","English, Hindi, Marathi","Anticipatory Bail, Arbitration, Civil, Criminal, Divorce, High Court, Landlord/Tenant, NCLT, Property, Succession Certificate","Bombay High Court,",,https://lawrato.com/lawyers/pune?&page=1
1695237297-307,https://lawrato.com/lawyers/pune?&page=,Advocate Ganesh Arjun Ranadive,https://lawrato.com/advocate-ganesh-arjun-ranadive,Advocate Ganesh Arjun Ranadive,15 years,"Shivaji Nagar, Pune","English, Hindi, Marathi","Breach of Contract, Cheque Bounce, Civil, Divorce, Domestic Violence, Family, Landlord/Tenant, Property, RERA, Succession Certificate","Court of Small Causes, Pune,",,https://lawrato.com/lawyers/pune?&page=1
1695237300-310,https://lawrato.com/lawyers/pune?&page=,Advocate Sharayu Zanak,https://lawrato.com/advocate-sharayu-zanak,Advocate Sharayu Zanak,0 years,"Sinhagad road, Pune","English, Hindi, Marathi","Cheque Bounce, Civil, Consumer Court, Divorce, Documentation, Domestic Violence, Family, Landlord/Tenant, Recovery, Succession Certificate, Wills / Trusts","Bombay High Court,",,https://lawrato.com/lawyers/pune?&page=1
1695237303-320,https://lawrato.com/lawyers/pune?&page=,Advocate M P Salunke,https://lawrato.com/advocate-m-p-salunke,Advocate M P Salunke,12 years,"Pune Satara Road, Swargate, Pune","English, Hindi, Marathi","Child Custody, Court Marriage, Criminal, Divorce, Domestic Violence, Family, High Court, Property, Recovery, Supreme Court, Wills / Trusts","Bombay High Court,",,https://lawrato.com/lawyers/pune?&page=1
1695237306-323,https://lawrato.com/lawyers/pune?&page=,Advocate Sudhir Reddy,https://lawrato.com/advocate-sudhir-reddy,Advocate Sudhir Reddy,13 years,"Model Colony, Pune","English, Hindi, Marathi","Arbitration, Banking / Finance, Cheque Bounce, Child Custody, Consumer Court, Corporate, Criminal, Customs & Central Excise, Divorce, Family, Insurance, International Law, Labour & Service, Landlord/Tenant, Medical Negligence, Motor Accident, Property, Recovery, Startup, Trademark & Copyright, Wills / Trusts","Bombay High Court,",,https://lawrato.com/lawyers/pune?&page=1
1695237309-328,https://lawrato.com/lawyers/pune?&page=,Advocate Rishabh Gandhi,https://lawrato.com/advocate-rishabh-gandhi,Advocate Rishabh Gandhi,14 years,"Erandvane, Pune","English, Hindi, Marathi","Arbitration, Bankruptcy / Insolvency, Consumer Court, Corporate, Divorce, Documentation, High Court, Labour & Service, NCLT, Property, RERA, Startup, Trademark & Copyright","Bombay High Court,",,https://lawrato.com/lawyers/pune?&page=1
1695237312-330,https://lawrato.com/lawyers/pune?&page=,Advocate Khursheed Anwar Qureshi,https://lawrato.com/advocate-khursheedanwarqureshi,Advocate Khursheed Anwar Qureshi,29 years,"Shivaji Nagar, Pune","English, Hindi, Marathi","Anticipatory Bail, Banking / Finance, Cheque Bounce, Child Custody, Court Marriage, Criminal, Divorce, Domestic Violence, Family, High Court, Medical Negligence, Muslim Law, Wills / Trusts","Bombay High Court,",,https://lawrato.com/lawyers/pune?&page=1
1695237315-333,https://lawrato.com/lawyers/pune?&page=,Advocate Ravi Jadhav,https://lawrato.com/advocate-ravi-jadhav,Advocate Ravi Jadhav,15 years,"Koregaon Park, Pune","English, Hindi","Anticipatory Bail, Arbitration, Banking / Finance, Bankruptcy / Insolvency, Breach of Contract, Cheque Bounce, Child Custody, Civil, Consumer Court, Corporate, Court Marriage, Criminal, Customs & Central Excise, Cyber Crime, Divorce, Documentation, Domestic Violence, Family, GST, High Court, Insurance, International Law, Labour & Service, Landlord/Tenant, Media and Entertainment, Medical Negligence, Motor Accident, NCLT, Patent, Property, R.T.I, Recovery, RERA, Startup, Succession Certificate, Supreme Court, Tax, Trademark & Copyright, Wills / Trusts","Bombay High Court,",,https://lawrato.com/lawyers/pune?&page=1
1695237318-336,https://lawrato.com/lawyers/pune?&page=,Advocate Amit Rathi,https://lawrato.com/advocate-amit-rathi,Advocate Amit Rathi,15 years,"Shivajinagar, Pune","English, Hindi, Marathi","Anticipatory Bail, Court Marriage, Criminal, Documentation, Domestic Violence, Family, Landlord/Tenant, NCLT, Property, RERA, Succession Certificate",,2,https://lawrato.com/lawyers/pune?&page=2
1695237321-337,https://lawrato.com/lawyers/pune?&page=,Advocate Radhika Pachpor,https://lawrato.com/advocate-radhika-pachpor,Advocate Radhika Pachpor,16 years,"Erandwane Gavthan, Pune","English, Hindi, Marathi","Anticipatory Bail, Civil, Criminal, Divorce, Documentation, Domestic Violence, Medical Negligence, Motor Accident, NCLT, Property, RERA, Startup, Succession Certificate",,2,https://lawrato.com/lawyers/pune?&page=2
1695237324-338,https://lawrato.com/lawyers/pune?&page=,Advocate Sagar Kothari,https://lawrato.com/advocate-sagar-kothari,Advocate Sagar Kothari,21 years,"District Court Shivajinagar, Pune","English, Hindi, Marathi","Anticipatory Bail, Cheque Bounce, Civil, Criminal, High Court, Medical Negligence, Motor Accident, NCLT, Property, RERA, Succession Certificate",,2,https://lawrato.com/lawyers/pune?&page=2
1695237327-339,https://lawrato.com/lawyers/pune?&page=,Advocate Vijay Kalu Wani,https://lawrato.com/advocate-vijay-kalu-wani,Advocate Vijay Kalu Wani,7 years,"Koregaon, Pune","English, Hindi, Konkani, Marathi","Anticipatory Bail, Arbitration, Child Custody, Court Marriage, Criminal, Divorce, Domestic Violence, Family, International Law",,2,https://lawrato.com/lawyers/pune?&page=2
1695237330-340,https://lawrato.com/lawyers/pune?&page=,Advocate Sangram Singh Desai,https://lawrato.com/advocate-sangram-desai,Advocate Sangram Singh Desai,23 years,"Shivajinagar, Pune","English, Hindi, Marathi","Anticipatory Bail, Bankruptcy / Insolvency, Breach of Contract, Corporate, Court Marriage, Criminal, Divorce, Domestic Violence, Family, High Court, Labour & Service, Media and Entertainment, Medical Negligence, NCLT, Property, RERA, Succession Certificate",,2,https://lawrato.com/lawyers/pune?&page=2
1695237333-341,https://lawrato.com/lawyers/pune?&page=,Advocate Anis Momin,https://lawrato.com/advocate-anis-momin,Advocate Anis Momin,11 years,"Shivajinagar, Pune","English, Hindi, Marathi","Child Custody, Court Marriage, Divorce, Domestic Violence, Family, High Court, Muslim Law",,2,https://lawrato.com/lawyers/pune?&page=2
1695237336-342,https://lawrato.com/lawyers/pune?&page=,Advocate Pranay Lanjile,https://lawrato.com/advocate-pranay-lanjile,Advocate Pranay Lanjile,12 years,"Shaniwar Peth, Pune","English, Hindi, Marathi","Cheque Bounce, Child Custody, Civil, Court Marriage, Divorce, Domestic Violence, Family",,2,https://lawrato.com/lawyers/pune?&page=2
1695237339-343,https://lawrato.com/lawyers/pune?&page=,Advocate Darshan Subhash Oswal,https://lawrato.com/advocate-darshan-subhash-oswal,Advocate Darshan Subhash Oswal,11 years,"Vadgaon Maval, Pune","English, Hindi, Marathi","Anticipatory Bail, Cheque Bounce, Child Custody, Civil, Court Marriage, Criminal, Divorce, Domestic Violence, Family, High Court",,2,https://lawrato.com/lawyers/pune?&page=2
1695237342-344,https://lawrato.com/lawyers/pune?&page=,Advocate Harshad Rathod,https://lawrato.com/advocate-harshad-rathod,Advocate Harshad Rathod,11 years,"Hira Baug, Pune","English, Hindi, Marathi","Bankruptcy / Insolvency, Breach of Contract, Cheque Bounce, Civil, Corporate, Criminal, International Law, NCLT, Patent, Trademark & Copyright",,2,https://lawrato.com/lawyers/pune?&page=2
1695237345-345,https://lawrato.com/lawyers/pune?&page=,Advocate Premchand L Malpani,https://lawrato.com/advocate-premchand-l-malpani,Advocate Premchand L Malpani,9 years,"Shivaji Nagar, Pune","English, Hindi, Marathi","Anticipatory Bail, Child Custody, Civil, Court Marriage, Criminal, Divorce, Domestic Violence, Family, High Court, NCLT, Property, RERA, Succession Certificate",,2,https://lawrato.com/lawyers/pune?&page=2
1695237348-346,https://lawrato.com/lawyers/pune?&page=,Advocate Himanshu Nagarkar,https://lawrato.com/advocate-himanshu-nagarkar,Advocate Himanshu Nagarkar,12 years,"Lokmanya Nagar, Pune","English, Hindi, Marathi","Child Custody, Civil, Court Marriage, Cyber Crime, Divorce, Domestic Violence, Family, High Court",,2,https://lawrato.com/lawyers/pune?&page=2
1695237351-347,https://lawrato.com/lawyers/pune?&page=,Advocate Seema Ravindra Kulkarni,https://lawrato.com/advocate-seema-ravindra-kulkarni,Advocate Seema Ravindra Kulkarni,17 years,"Wakad, Pune","English, Hindi","Anticipatory Bail, Child Custody, Civil, Court Marriage, Criminal, Divorce, Domestic Violence, Family",,2,https://lawrato.com/lawyers/pune?&page=2
1695237354-348,https://lawrato.com/lawyers/pune?&page=,Advocate Rohit Shaligram,https://lawrato.com/advocate-rohit-shaligram,Advocate Rohit Shaligram,10 years,"Kumthekar Road, Pune","English, Hindi, Marathi","Anticipatory Bail, Banking / Finance, Bankruptcy / Insolvency, Civil, Court Marriage, Criminal, Divorce, Domestic Violence, Family, High Court, Recovery, Supreme Court",,2,https://lawrato.com/lawyers/pune?&page=2
1695237357-349,https://lawrato.com/lawyers/pune?&page=,Advocate Ajay Ashok Joshi,https://lawrato.com/advocate-ajay-ashok-joshi,Advocate Ajay Ashok Joshi,28 years,"Erandwana, Pune","English, Hindi, Marathi","Civil, Court Marriage, Domestic Violence, Family, High Court, Landlord/Tenant, NCLT, Property, RERA, Succession Certificate, Wills / Trusts",,2,https://lawrato.com/lawyers/pune?&page=2
1695237360-350,https://lawrato.com/lawyers/pune?&page=,Advocate Sudarshan Desai,https://lawrato.com/advocate-sudarshan-desai,Advocate Sudarshan Desai,11 years,"M.G Road, Pune","English, Hindi, Marathi","Arbitration, Banking / Finance, Cheque Bounce, Divorce, Domestic Violence, Family, Insurance, Succession Certificate, Trademark & Copyright, Wills / Trusts",,2,https://lawrato.com/lawyers/pune?&page=2
1695237363-351,https://lawrato.com/lawyers/pune?&page=,Advocate Sharad Malode,https://lawrato.com/advocate-sharad-malode,Advocate Sharad Malode,12 years,"Thergaon, Pune","English, Hindi, Marathi","Cheque Bounce, Civil, Consumer Court, Court Marriage, Divorce, Documentation, Domestic Violence, Family",,2,https://lawrato.com/lawyers/pune?&page=2
1695237366-352,https://lawrato.com/lawyers/pune?&page=,Advocate C S Koyalikar,https://lawrato.com/advocate-c-s-koyalikar,Advocate C S Koyalikar,24 years,"Shivajinagar, Pune","English, Hindi, Marathi","Breach of Contract, Cheque Bounce, Civil, Consumer Court, Court Marriage, Criminal, Divorce, Domestic Violence, Family, Medical Negligence, Property, Succession Certificate",,2,https://lawrato.com/lawyers/pune?&page=2
1695237369-353,https://lawrato.com/lawyers/pune?&page=,Advocate Vaibhav Kasture,https://lawrato.com/advocate-vaibhav-kasture,Advocate Vaibhav Kasture,22 years,"Shivajinagar, Pune","English, Hindi, Marathi","Bankruptcy / Insolvency, Breach of Contract, Cheque Bounce, Corporate, Court Marriage, Divorce, Domestic Violence, Family, Labour & Service, Media and Entertainment, NCLT, Property, RERA, Succession Certificate, Wills / Trusts",,2,https://lawrato.com/lawyers/pune?&page=2